,BUSINESS_NAME,ZIP,SWC_TYPE,SWC_SQ_FT,SWC_TABLES,SWC_CHAIRS,APP_STATUS
0,1274 AMSTERDAM TRATTORIA INC.,10027,Unenclosed,314,10,25,Application Review Completed
1,VEMC GROUP CORP.,11103,Unenclosed,334,14,36,Application Review Completed
2,"BANTER NOLITA, LLC",10002,Unenclosed,155,5,10,Application Review Completed
3,"HASHEM MELECH, INC",11367,Enclosed,508,12,48,Pending Review
4,WESTVILLE HK LLC,10019,Unenclosed,52,3,6,Application Review Completed
5,LITTLE DOKEBI INC.,11222,Unenclosed,267,11,28,Application Review Completed
6,EAST PUB INC,10003,Enclosed,808,24,96,Pending Review
7,"CHERRY LANE, INC.",10013,Unenclosed,149,7,16,Pending Review
8,PIZZA 84 LLC,10024,Unenclosed,162,9,22,Application Review Completed
9,OLD HEIDELBERG CORP.,10028,Unenclosed,228,12,24,Pending Review
10,343 BROOME STREET RESTAURANT INC,10013,Unenclosed,132,6,18,Application Review Completed
11,HERM LLC,10075,Enclosed,210,6,20,Pending Review
12,EAT LEXINGTON 87 LLC,10028,Unenclosed,76,4,8,Application Review Completed
13,HSNYC LLC,10014,Unenclosed,156,9,19,Application Review Completed
14,SANGEO CORP,10463,Enclosed,178,3,15,Application Review Completed
15,187 RESTAURANT CORP.,10033,Unenclosed,181,4,16,Application Review Completed
16,GOOD VISION TASTE INC.,11235,Unenclosed,623,32,64,Pending Review
17,"OBBM, LLC",10004,Small Unenclosed,178,7,14,Pending Review
18,NISIDA LLC,10011,Unenclosed,286,8,16,Application Review Completed
19,"TAPPO, INC.",10010,Unenclosed,140,5,10,Pending Review
20,ROOT NOLITA LLC,10013,Unenclosed,191,11,22,Application Review Completed
21,BOXERS WASHINGTON HEIGHTS LLC,10032,Unenclosed,569,24,48,Application Review Completed
22,MERMAID 88 LLC,10024,Unenclosed,273,15,34,Application Review Completed
23,GG33 CORP,11105,Unenclosed,446,16,32,Application Review Completed
24,SOHO MARKET & BEER MERCHANTS INC,10014,Unenclosed,210,10,26,Application Review Completed
25,STEINWAY LPC CORP,11103,Unenclosed,96,4,16,Application Review Completed
26,MOLLY PICON LLC,10012,Small Unenclosed,124,3,12,Application Review Completed
27,"MUSSELS & MORE, LTD.",11209,Unenclosed,432,17,34,Application Review Completed
28,NACO NYC LLC,10014,Unenclosed,496,29,58,Application Review Completed
29,MARTHA'S 263 BEDFORD AVE LLC,11211,Small Unenclosed,420,14,28,Application Review Completed
30,"CHELLA LUNA, INC",11103,Unenclosed,390,10,30,Pending Review
31,"SUD-OUEST 33, INC",11217,Unenclosed,198,4,22,Application Review Completed
32,BURGEROLOGY ASTORIA LLC,11105,Unenclosed,862,50,99,Application Review Completed
33,TEN ELEVEN HOLDINGS L.L.C.,11222,Unenclosed,222,18,36,Application Review Completed
34,"NYCBCH III, INC",11103,Unenclosed,82,6,11,Application Review Completed
35,"SERAFINA 77 WEST , LLC",10024,Unenclosed,667,38,76,Application Review Completed
36,"GOAT FIFTY, LLC",10038,Unenclosed,311,12,24,Pending Review
37,"LA MELA RISTORANTE ITALIANO, INC.",10013,Unenclosed,133,9,19,Pending Review
38,BALTIMORE RESTAURANT INC,10028,Unenclosed,120,4,8,Application Review Completed
39,"JOE & THE JUICE NEW YORK, LLC",10021,Small Unenclosed,264,2,6,Application Review Completed
40,TERMINUS RESTAURANT ASSOCIATES LLC,10021,Enclosed,371,14,28,Pending Review
41,BL 417 AMSTERDAM NY LLC,10024,Unenclosed,280,10,19,Pending Review
42,TAPESTRY MANAGEMENT LLC,10011,Unenclosed,106,5,10,Application Review Completed
43,243 E. 14TH CAFE INC.,10003,Small Unenclosed,124,3,12,Pending Review
44,88 2ND AVE. FOOD CORP.,10003,Enclosed,364,13,26,Application Denied
45,"RUBY'S MIDTOWN, LLC",10016,Unenclosed,54,2,4,Application Review Completed
46,RALPH LAUREN RETAIL INC,10010,Small Unenclosed,231,4,7,Application Review Completed
47,PRIVE HOSPITALITY GROUP LLC,10036,Unenclosed,215,9,19,Application Review Completed
48,LAMARCA INC.,10010,Enclosed,142,5,10,Pending Review
49,QANOON CORP.,10011,Unenclosed,246,8,16,Application Review Completed
50,"168 ORCHARD ST PARTNERS, INC.",10002,Small Unenclosed,366,12,24,Pending Review
51,BEL AIR DINER INC,11106,Unenclosed,464,13,26,Application Review Completed
52,1304A SECOND AVENUE ASSOCIATES LLC,10065,Unenclosed,113,6,12,Application Review Completed
53,HHC 33 PECK SLIP HOLDINGS LLC,10038,Unenclosed,505,7,14,Application Review Completed
54,WOLFE L.I.C INC,11106,Unenclosed,127,5,10,Application Review Completed
55,ANFIELD ROAD INC.,11211,Unenclosed,62,3,7,Application Review Completed
56,YUCA BAR & RESTAURANT INC.,10009,Unenclosed,200,8,16,Pending Review
57,"DINOSAUR RESTAURANTS, LLC",11215,Unenclosed,517,6,36,Application Review Completed
58,Hane Sushi Inc.,10009,Unenclosed,314,14,28,Application Review Completed
59,"CARMINE RESTAURANT, INC.",10013,Unenclosed,170,9,18,Application Review Completed
60,PHILIPPE NYC I LLC,10022,Small Unenclosed,56,2,4,Pending Review
61,MOTTSU CUISINE INC.,10012,Unenclosed,86,6,12,Application Review Completed
62,CORNER 660 LLC,11238,Unenclosed,200,10,24,Application Review Completed
63,120 U REST. LLC,10003,Enclosed,292,12,24,Pending Review
64,EASTSIDE BARKING DOG INC,10128,Unenclosed,159,6,12,Application Review Completed
65,"ADORO LEI, LLC",10013,Unenclosed,203,7,14,Application Review Completed
66,SEVEN A CAFE INC.,10009,Unenclosed,229,10,20,Pending Review
67,RESTAURANT 597 INC.,10014,Unenclosed,297,10,20,Application Review Completed
68,"300 WEST 46TH STREET, CORP",10036,Unenclosed,105,4,9,Application Review Completed
69,ARTICHOKE BUSHWICK LLC,11237,Unenclosed,216,10,20,Pending Review
70,Masa 8 LLC,10010,Unenclosed,427,13,38,Application Review Completed
71,"SWEETGREEN NEW YORK, LLC",11211,Unenclosed,78,5,10,Application Review Completed
72,"IL SOLE, LLC",11104,Unenclosed,312,5,10,Application Review Completed
73,RAGUBOY CORP.,10009,Unenclosed,162,5,15,Application Review Completed
74,"CMH BBQ HOLDINGS, LLC",10003,Unenclosed,247,11,21,Application Review Completed
75,GFLC MARKET LLC,11222,Unenclosed,245,10,19,Application Review Completed
76,ZEP LLC,10021,Unenclosed,114,6,12,Pending Review
77,SJD 220 CORP,11206,Unenclosed,89,3,6,Application Review Completed
78,"SHARAKU, INC.",10003,Enclosed,254,9,18,Pending Review
79,JOE & THE JUICE NEW YORK LLC,10023,Unenclosed,78,1,3,Application Review Completed
80,TOURBILLON 45 LLC,10013,Unenclosed,163,5,20,Application Review Completed
81,SECOND STREET RESTAURANT LLC,10003,Unenclosed,119,16,32,Application Review Completed
82,BEN TAS CORP.,11102,Unenclosed,185,4,12,Pending Review
83,329 Hospitality Group LLC,10023,Unenclosed,153,10,20,Application Review Completed
84,FIDDLESTICKS L.L.C.,10011,Unenclosed,323,16,29,Application Review Completed
85,1616 SECOND AVENUE RESTAURANT INC.,10028,Enclosed,435,15,34,Pending Review
86,BOCADITOS BISTRO & EXPRESSO BAR LLC,10034,Unenclosed,273,12,24,Application Review Completed
87,EE BAR LLC,10024,Unenclosed,190,8,20,Application Review Completed
88,GREENWICH BBQ LLC,10014,Unenclosed,200,10,20,Pending Review
89,La Lafayette LLC,11217,Unenclosed,487,7,28,Application Review Completed
90,7 WASHINGTON LANE CORP,10019,Unenclosed,144,7,14,Application Review Completed
91,160 BISTRO INC.,10011,Unenclosed,249,17,36,Pending Review
92,THE ELEMENT RESTAURANT GROUP INC,10033,Unenclosed,324,11,22,Application Review Completed
93,GMT NEW YORK LLC,10012,Unenclosed,593,26,55,Application Review Completed
94,THE CONSULATE NYC LLC,10024,Unenclosed,297,20,40,Application Review Completed
95,"Chez Sam, LLC",11206,Unenclosed,431,8,34,Application Review Completed
96,"COWGIRL, INC.",10014,Unenclosed,206,11,22,Application Review Completed
97,AGGIEPOLO INC,10019,Unenclosed,115,5,10,Pending Review
98,OWM VERNON LLC,11101,Regular Unenclosed/Small Unenclosed,294,10,20,Application Review Completed
99,D&D CAFE LLC,11206,Unenclosed,327,19,38,Application Review Completed
100,MBG TAVERNS ON 6TH CORP,10010,Unenclosed,270,10,20,Pending Review
101,JUICERIE 3 LLC,10014,Unenclosed,261,14,26,Application Review Completed
102,"BLUE SMOKE, LLC",10016,Unenclosed,210,4,16,Pending Review
103,PQ EAST 77TH INC,10075,Unenclosed,225,11,25,Application Review Completed
104,"UNCLE BIAGIO, LLC",10014,Unenclosed,319,7,14,Application Review Completed
105,ST TROPEZ SOHO LLC,10012,Unenclosed,54,5,10,Application Review Completed
106,TRIBECA BAKERY LLC,10013,Unenclosed,360,12,24,Application Review Completed
107,LYNGENET KITCHEN LLC,10031,Unenclosed,205,2,16,Application Review Completed
108,LENWICH 74TH LLC,10023,Unenclosed,181,9,18,Application Review Completed
109,HERSHA HOSPITALITY MANAGEMENT L.P.,11201,Unenclosed,416,25,52,Application Review Completed
110,IL COMMENDATORE RESTAURANT INC.,10013,Unenclosed,325,11,21,Application Review Completed
111,"HEX EAST, LLC",10075,Enclosed,359,12,32,Pending Review
112,3713 RIVERDALE REST CORP.,10463,Unenclosed,140,9,21,Pending Review
113,FRANCISCO & FRANCISCO INC,10040,Unenclosed,170,12,24,Pending Review
114,4819 VERNON KITCHEN LLC,11101,Unenclosed,379,20,40,Application Review Completed
115,LEITRIM PUB INC.,10019,Unenclosed,136,8,18,Application Review Completed
116,LE2 LLC,10014,Unenclosed,177,6,12,Application Review Completed
117,F-C LLC,11222,Unenclosed,192,8,16,Application Review Completed
118,568 5TH BROOKLYN LLC,11215,Unenclosed,324,10,20,Pending Review
119,"PQ 53RD STREET, INC.",10022,Small Unenclosed,48,2,4,Application Review Completed
120,SLICE WEST VILLAGE LTD.,10014,Unenclosed,193,10,20,Application Review Completed
121,104 SOUTH 4TH INC,11249,Unenclosed,343,11,22,Application Review Completed
122,"SWEETGREEN NEW YORK, LLC",10025,Unenclosed,307,12,28,Application Review Completed
123,MOZ RESTAURANT INC.,10014,Unenclosed,160,8,16,Application Review Completed
124,COMMONWEALTH HOSPITALITY LLC,11249,Unenclosed,174,8,14,Application Review Completed
125,"CARRIE'S HOSPITALITY, LLC",11222,Unenclosed,235,11,22,Application Review Completed
126,UNION SQ 4TH F & B MANAGEMENT LLC,10003,Unenclosed,287,14,32,Application Review Completed
127,"CIELI PARTNERS, L.P.",10106,Small Unenclosed,268,7,28,Pending Review
128,SIBECA CORPORATION,11103,Enclosed,366,10,30,Pending Review
129,194 BEDFORD AVE REST CORP.,11249,Unenclosed,127,6,12,Application Review Completed
130,TRUFFA PIZZERIA & WINE ROOM CORP.,10463,Unenclosed,105,3,6,Application Review Completed
131,1262 AMSTERDAM CAFE INC.,10027,Unenclosed,170,9,22,Application Review Completed
132,"PLAN A GROUP, LLC",10002,Unenclosed,134,4,16,Pending Review
133,SAUCE MANAGEMENT LLC,10002,Unenclosed,378,17,34,Pending Review
134,TECTON CAFE INC.,10013,Unenclosed,79,4,10,Pending Review
135,MIMI'S RESTAURANT CORP.,10022,Enclosed,429,12,42,Application Review Completed
136,MEZZALUNA ASSOCIATES,10021,Unenclosed,63,2,4,Pending Review
137,Unclegrandpa LLC,11237,Unenclosed,266,12,24,Application Review Completed
138,"Astoria Apple, LLC",11101,Unenclosed,328,6,17,Pending Review
139,STARLITE WALKER LLC,11222,Small Unenclosed,175,7,14,Application Review Completed
140,BAR GIACOSA CORP.,10014,Unenclosed,480,21,49,Application Review Completed
141,FONDA OF CHELSEA LLC,10011,Unenclosed,86,3,6,Application Review Completed
142,CLASSIC FOOD INC,10023,Unenclosed,102,3,6,Pending Review
143,GREENE STREET SUPERFOODS LLC,10013,Unenclosed,92,6,12,Application Review Completed
144,SPIEGEL INC,10009,Unenclosed,168,7,14,Application Review Completed
145,"ARTIO RESTAURANT, LLC",10065,Small Unenclosed,321,7,14,Application Review Completed
146,LOCAL 92 INC,10003,Unenclosed,216,11,23,Application Review Completed
147,243 DEKALB AVE. REST. CORP.,11205,Unenclosed,112,6,12,Pending Review
148,"GRILLO, LTD.",10025,Unenclosed,680,21,62,Application Review Completed
149,SINGLECUT BEERSMITHS LLC,11105,Unenclosed,117,4,16,Application Review Completed
150,CERVECERIA HAVEMEYER LLC,11211,Unenclosed,236,7,14,Application Review Completed
151,OYA CORP,10002,Enclosed,340,12,24,Pending Review
152,"MESTRE, INC.",10011,Unenclosed,153,5,14,Application Review Completed
153,"SWEETGREEN NEW YORK, LLC",10013,Unenclosed,224,9,18,Application Review Completed
154,BLUE SMOKE 102 NORTH END AVE LLC,10281,Unenclosed,311,12,28,Application Review Completed
155,"JOSAN & JOSAN, INC.",10014,Unenclosed,256,10,30,Application Review Completed
156,ROCCO'S BROOKLYN BAKERY INC,11209,Unenclosed,212,7,14,Pending Review
157,DANA'S LLC,10036,Unenclosed,565,24,46,Pending Review
158,FIFTYTWO MERCHANTS LLC,10014,Unenclosed,399,20,40,Application Review Completed
159,BROOKLYN ACQUISITION HOLDING LLC,11237,Unenclosed,783,41,82,Application Review Completed
160,UWS 994 CORP,10025,Unenclosed,207,9,22,Application Review Completed
161,"SENANROSSA, LLC",10016,Small Unenclosed,84,2,8,Pending Review
162,MAHAPOCHANAHPHAN INC,11106,Unenclosed,518,18,36,Application Review Completed
163,FONDA AVENUE B LLC,10009,Unenclosed,137,7,14,Application Review Completed
164,"THREE TOP CHELSEA, LLC",10011,Unenclosed,110,4,8,Application Review Completed
165,DENIS AYDA LLC,11106,Unenclosed,586,30,60,Application Review Completed
166,DEED LLC,11216,Small Unenclosed,264,3,12,Application Review Completed
167,MICHEL GE INC,10024,Unenclosed,73,4,8,Application Review Completed
168,IHI-NY LLC,10001,Unenclosed,189,4,16,Application Review Completed
169,BARJER CORP.,10024,Unenclosed,255,11,29,Application Review Completed
170,TANOREEN CATERERS INC.,11209,Enclosed,222,4,16,Pending Review
171,SHADMOOR LLC,10022,Unenclosed,286,11,22,Application Review Completed
172,CLOUET LLC,11222,Unenclosed,214,8,16,Application Review Completed
173,CERELI INC.,10014,Unenclosed,138,7,16,Application Review Completed
174,23RD & 9TH RESTAURANT CORP.,10011,Enclosed,692,40,80,Application Review Completed
175,"WINSOME FOODS, LLC",11206,Unenclosed,227,12,24,Application Review Completed
176,CACTUS PEAR LLC,10023,Unenclosed,474,18,54,Application Review Completed
177,659 REST. INC.,10036,Unenclosed,126,4,8,Pending Review
178,"THAFATH, INC.",10022,Unenclosed,166,8,17,Application Review Completed
179,RENOLTA LLC,10024,Unenclosed,820,24,68,Application Review Completed
180,"EPSTEIN'S BAR, LLC",10002,Unenclosed,191,8,16,Application Review Completed
181,NEWTOWN BAR LLC,11106,Unenclosed,253,9,18,Pending Review
182,CALEXICO 122 LLC,10075,Unenclosed,232,7,14,Application Review Completed
183,NEW INDIAN FOODS LLC,10012,Unenclosed,175,11,22,Pending Review
184,BE BAMBA GROUP LLC,10011,Unenclosed,108,3,6,Application Review Completed
185,"LEO BRUNO RESTAURANT, INC.",11105,Enclosed,577,21,44,Pending Review
186,MVNBC CORP.,10013,Unenclosed,373,15,30,Application Review Completed
187,A & D WINE CORP.,10003,Unenclosed,190,10,22,Application Review Completed
188,DOUBLE DEEP LLC,11211,Unenclosed,248,8,16,Application Review Completed
189,265 LAFAYETTE RISTORANTE LLC,10012,Small Unenclosed,188,7,14,Pending Review
190,DEZ MULBERRY LLC,10012,Unenclosed,140,4,8,Application Review Completed
191,401 W 50 TAVERN INC.,10019,Small Unenclosed,108,6,12,Pending Review
192,SURELY YOU MUST BE KIDDING LLC,11249,Unenclosed,322,13,26,Application Review Completed
193,ATLA LAFAYETTE LLC,10012,Unenclosed,407,13,38,Application Review Completed
194,SONNY LOU INC,10011,Unenclosed,120,6,12,Pending Review
195,BL 98 KENMARE NY LLC,10012,Unenclosed,160,12,24,Application Review Completed
196,GAUTENG LLC,10011,Unenclosed,49,3,6,Application Review Completed
197,SERF TWO INC,10027,Unenclosed,248,12,26,Application Review Completed
198,"LA PETIT AMELIE, LLC",10024,Unenclosed,85,4,8,Pending Review
199,RBO ON 2ND AVE CORP,10075,Unenclosed,142,8,16,Application Review Completed
200,TAJIN RESTAURANT CORP.,10006,Unenclosed,193,10,20,Application Review Completed
201,225 WEST BROADWAY CORP,10013,Unenclosed,67,3,6,Application Review Completed
202,201 REST. 95TH ST. CORP.,10025,Unenclosed,146,8,16,Application Review Completed
203,MIZU SUSHI NY INC,11249,Unenclosed,206,10,20,Application Review Completed
204,GOLDEN ABACUS INC.,10022,Unenclosed,91,6,12,Pending Review
205,"GRAND ASTORIA, INC",11103,Unenclosed,620,20,40,Pending Review
206,THE MEATBALL SHOP LLC,10002,Unenclosed,89,3,12,Application Review Completed
207,"JACK JONES, INC.",11105,Unenclosed,537,8,30,Application Review Completed
208,RENAISSANCE HARLEM CORP,10027,Unenclosed,534,27,58,Pending Review
209,"GRAND ENDEAVORS, INC.",11211,Unenclosed,264,5,20,Application Review Completed
210,EAT MADISON LLC,10021,Small Unenclosed,20,1,2,Application Review Completed
211,"TOMINO, LLC",10013,Unenclosed,131,7,14,Pending Review
212,"ELI'S MANHATTAN WAREHOUSE, INC.",10028,Unenclosed,87,5,20,Application Review Completed
213,SLAMMERS INC,10038,Unenclosed,50,9,18,Application Review Completed
214,Cajun Project LLC,11211,Small Unenclosed,109,4,10,Application Review Completed
215,AMSTERDAM AVE BAGELS INC,10024,Unenclosed,207,12,28,Pending Review
216,STARBUCKS CORPORATION,11209,Enclosed,260,2,6,Pending Review
217,THE WREN NEW YORK LLC,10012,Unenclosed,184,5,14,Application Review Completed
218,"MEDI WINEBAR, LLC",10019,Unenclosed,135,3,12,Application Review Completed
219,GROTTA AZZURRA INN INC.,10013,Unenclosed,326,20,40,Application Review Completed
220,NO MOORE OYSTERS LLC,10013,Unenclosed,81,4,8,Pending Review
221,EFTIHIA REST INC.,10025,Unenclosed,465,22,44,Application Review Completed
222,"BRATS UND BIER, INC.",11103,Unenclosed,324,14,28,Application Review Completed
223,PMC CORP.,10010,Enclosed,336,8,18,Application Review Completed
224,"LAFAYETTE STREET PARTNERS II, LLC",10003,Unenclosed,962,23,84,Application Review Completed
225,K.K. & D. OF 79TH ST. REST. CORP.,10075,Small Unenclosed,163,3,12,Application Review Completed
226,E & A BAGEL CORP.,10065,Unenclosed,251,8,16,Application Withdrawn
227,KENNEDY ORGANICS LLC,10012,Unenclosed,614,19,38,Application Review Completed
228,INTERNATIONAL KITCHEN LLC,10028,Unenclosed,210,8,16,Application Review Completed
229,NATURAL CROP INC.,11211,Unenclosed,127,8,32,Application Review Completed
230,CLEW Z. ANGUS (USA) INC.,10014,Enclosed,136,5,10,Pending Review
231,"EISEN & SON, INC.",10011,Unenclosed,253,8,25,Pending Review
232,MS RESTAURANT OWNERS LLC,10019,Enclosed,191,8,24,Pending Review
233,"WILD LIVING, LLC",11217,Unenclosed,236,12,24,Pending Review
234,LAMARCA INC.,10010,Enclosed,142,5,10,Application Review Completed
235,BOGMAN LLC,11238,Unenclosed,201,10,22,Application Review Completed
236,CROISSANT CONSORTIUM LIMITED,10025,Unenclosed,356,10,20,Application Review Completed
237,"1326 RESTAURANT, LLC",10021,Unenclosed,429,28,61,Application Review Completed
238,SPAHA PIZZA LLC,10029,Unenclosed,216,11,24,Application Review Completed
239,SALVATORIA KITCHEN AND BAR CORP,11106,Unenclosed,254,8,16,Application Review Completed
240,"ASTORIA BRICK, LLC",11102,Unenclosed,892,26,60,Pending Review
241,CHICK & CO LLC,10014,Unenclosed,104,6,14,Application Review Completed
242,TABLE 20 LLC,10009,Unenclosed,482,25,52,Application Review Completed
243,MADISON GLOBAL LLC,10065,Small Unenclosed,126,3,12,Pending Review
244,SWEET CHICK FLATBUSH LLC,11238,Unenclosed,328,14,34,Pending Review
245,UKATOSH CORPORATION,11106,Enclosed,289,7,14,Pending Review
246,GREEK TAVERNA LLC,11105,Unenclosed,143,6,12,Application Review Completed
247,WESTSIDE DONUT AMSTERDAM VENTURES LLC,10024,Unenclosed,152,4,8,Application Review Completed
248,JEMANYA CORP.,11211,Unenclosed,168,9,18,Application Review Completed
249,NYC BAGELS & COFFEE SHOP INC,11105,Unenclosed,189,9,18,Application Review Completed
250,"Kio Restaurant, LLC.",10013,Small Unenclosed,74,3,6,Application Review Completed
251,DECO CAFE INC,11205,Unenclosed,59,5,11,Application Review Completed
252,CPW REST CORP.,10023,Unenclosed,183,8,16,Pending Review
253,"THE OTHEROOM, INC.",10014,Unenclosed,63,2,6,Application Review Completed
254,LE BON NY CORP.,10128,Unenclosed,158,5,10,Pending Review
255,3 EAST 48TH REST. INC.,10017,Small Unenclosed,75,2,6,Application Review Completed
256,VIDA MEXICANA INC.,10034,Unenclosed,438,18,36,Pending Review
257,"ARRIBA ARRIBA MEXICAN RESTAURANTS, INC.",10019,Unenclosed,285,8,14,Pending Review
258,Anton Santaniello Holdings LLC,11216,Unenclosed,170,9,18,Application Review Completed
259,"MEATH TRAILS, INC.",10003,Unenclosed,149,11,21,Application Review Completed
260,12 CHAIRS BYN LLC,11249,Unenclosed,237,17,34,Application Review Completed
261,THE PICKLE PEOPLE LLC,10024,Unenclosed,139,3,15,Pending Review
262,SAPORI D'ITALIA OF NYC INC,10013,Unenclosed,145,10,20,Application Review Completed
263,OBIKA NY MADISON LLC,10010,Unenclosed,134,4,8,Application Review Completed
264,MEM REST CORP.,10465,Unenclosed,225,10,20,Application Review Completed
265,NONNA BEPPA SOHO LLC,10013,Unenclosed,94,2,3,Application Review Completed
266,1205 ON SURF CORP,11224,Unenclosed,224,8,24,Application Review Completed
267,CEDAR DRIVE LLC,11218,Unenclosed,173,10,22,Application Review Completed
268,"WMW REST II, LLC",10036,Regular Unenclosed/Small Unenclosed,157,6,12,Application Review Completed
269,"NANOOSH BROADWAY, LLC",10023,Unenclosed,143,6,12,Application Review Completed
270,FUSHA FUSION RESTAURANT INC,10022,Small Unenclosed,93,6,12,Application Review Completed
271,"THE ORIGINAL VINCENT'S, ESTABLISHED 1904 INC.",10013,Unenclosed,355,9,18,Pending Review
272,"IHMS, LLC",10065,Small Unenclosed,378,9,18,Application Review Completed
273,"BILL'S DTM NY, LLC",10006,Unenclosed,197,7,14,Pending Review
274,BANCONE LLC,10013,Unenclosed,369,10,30,Application Review Completed
275,JPS VENTURES INC.,10024,Enclosed,224,5,16,Pending Review
276,"268 WEST BROADWAY, LLC",10013,Unenclosed,320,8,16,Application Review Completed
277,RIOMAR CORP.,10013,Unenclosed,119,4,13,Application Review Completed
278,TRAIN DESIGN LLC,10014,Unenclosed,420,15,42,Application Review Completed
279,"SHELBURNE BAR AND GRILL, INC.",10019,Small Unenclosed,192,4,16,Application Review Completed
280,WEST VILLAGE FINEST DELI CORP.,10014,Enclosed,290,6,21,Pending Review
281,2580 BROADWAY INC,10025,Unenclosed,161,8,16,Application Review Completed
282,"C & V 77 ENTERPRISES, LLC",10075,Enclosed,501,14,47,Pending Review
283,THE YORK RESTAURANT BAR INC.,10022,Enclosed,309,17,34,Pending Review
284,JUICERIE LLC,10012,Unenclosed,378,20,40,Pending Review
285,"L.L.B., INC.",10128,Small Unenclosed,65,2,4,Application Review Completed
286,"E & E RESTAURANT 2, LLC",10016,Unenclosed,138,7,14,Application Review Completed
287,258 FRANKLIN LLC,11222,Unenclosed,194,10,20,Application Review Completed
288,"SABOR LATINO I, CORP.",11373,Unenclosed,315,18,36,Application Review Completed
289,HLD COLUMBUS LLC,10024,Unenclosed,198,9,19,Application Review Completed
290,THE YORK RESTAURANT BAR INC.,10022,Enclosed,309,17,34,Pending Review
291,BILTMORE GARAGE RESTAURANT ASSOCIATES LLC,10021,Unenclosed,188,9,18,Pending Review
292,1679 3RD AVENUE RESTAURANT CORP.,10128,Unenclosed,407,19,45,Application Review Completed
293,PQ FIRST INC,10065,Unenclosed,126,4,8,Pending Review
294,BLEEKER STREET PIZZA CORP,10014,Unenclosed,207,6,12,Application Review Completed
295,SAMSON GREY LLC,10128,Unenclosed,235,8,24,Application Review Completed
296,"BENVA BAKERY, LLC",10024,Unenclosed,214,11,25,Application Review Completed
297,"CCFC 62 SPRING, LLC",10012,Small Unenclosed,213,6,12,Pending Review
298,AROKA HOSPITALITY LLC,10011,Unenclosed,150,6,12,Pending Review
299,"EGS, LLC",10024,Unenclosed,413,15,44,Application Review Completed
300,NY BROADWAY HOTEL OWNER LLC,10024,Small Unenclosed,128,4,8,Application Review Completed
301,TIKI CHICKI LLC,10024,Unenclosed,270,16,32,Application Review Completed
302,JULIANA'S UTBB LLC,11201,Unenclosed,67,3,6,Application Review Completed
303,"FRANK MAC'S PLACE, LLC",10024,Unenclosed,178,11,24,Application Review Completed
304,"ST. GEORGE HOLDING, CORP",11103,Unenclosed,238,5,20,Application Review Completed
305,"CAVALLACCI, FABRIZIO",10012,Unenclosed,43,4,8,Pending Review
306,LENWICH 54TH LLC,10022,Enclosed,418,19,35,Pending Review
307,VESELKA ENTERPRISES LTD.,10003,Unenclosed,386,13,29,Application Review Completed
308,SYMPATOCH CAFE INC.,11103,Unenclosed,319,14,30,Application Review Completed
309,JUICERIE IV LLC,11211,Unenclosed,740,15,54,Application Review Completed
310,"R & R WESTSIDE, LLC",10036,Unenclosed,117,5,10,Pending Review
311,"VIETNAAM II, INC",10128,Unenclosed,312,19,40,Pending Review
312,"CAFE 71, INC.",10023,Enclosed,288,9,29,Pending Review
313,PIACERE ENTERPRISES LLC,10013,Unenclosed,170,8,24,Application Review Completed
314,"KEM REST., INC.",10011,Unenclosed,390,12,34,Pending Review
315,TOZZER LTD,10009,Unenclosed,234,10,20,Application Review Completed
316,MULBERRY STREET BAR LLC,10013,Unenclosed,199,4,16,Application Review Completed
317,156 TENTH AVENUE RESTAURANT LLC,10011,Unenclosed,506,22,44,Application Review Completed
318,380 EAST VENTURES LLC,10016,Unenclosed,142,9,18,Application Review Completed
319,REBA REALTY CORP.,10013,Unenclosed,488,15,37,Application Review Completed
320,P.E.C. GROUP LTD.,10013,Unenclosed,99,5,10,Application Review Completed
321,MEDPARK-30 LLC,10016,Unenclosed,102,6,12,Application Review Completed
322,"BOWERY F & B, LLC",10003,Unenclosed,376,18,48,Application Review Completed
323,BRUNO IN HARLEM INC.,10026,Unenclosed,551,16,32,Application Review Completed
324,PARIS CAFE LLC,10038,Regular Unenclosed/Small Unenclosed,328,13,26,Application Review Completed
325,"442 AMSTERDAM REST., CORP.",10024,Unenclosed,180,8,14,Pending Review
326,KING LUKE INC.,11211,Unenclosed,199,10,22,Application Review Completed
327,"CLAY FARM, LLC",11215,Unenclosed,180,5,20,Application Review Completed
328,"WOGIE'S, INC.",10014,Unenclosed,297,14,28,Application Review Completed
329,DOWNTOWN DINING LLC,10009,Unenclosed,379,10,20,Pending Review
330,59 MACT CORP.,10007,Unenclosed,110,7,14,Pending Review
331,DONATO'S PIZZERIA RESTAURANT CORP.,11377,Unenclosed,263,7,28,Application Review Completed
332,HAKU TEN INC,11222,Unenclosed,84,4,10,Application Review Completed
333,DOUGH JOE LLC,11105,Unenclosed,130,8,14,Application Review Completed
334,"IGUANA NEW YORK, LTD.",10019,Small Unenclosed,294,5,17,Application Review Completed
335,P & A 665 RESTAURANT CORP.,10036,Unenclosed,364,13,38,Pending Review
336,A & B FULTON CORP.,11201,Unenclosed,157,9,18,Application Review Completed
337,2850 BROADWAY REST ASSOCIATES LLC,10025,Unenclosed,168,9,18,Application Review Completed
338,FACES & NAMES INC,10019,Small Unenclosed,130,5,10,Application Review Completed
339,LOCKSMITH WINE BAR INC,10040,Unenclosed,247,10,20,Application Review Completed
340,VILLAGE RESTAURANT GROUP LLC,10014,Unenclosed,138,6,12,Application Review Completed
341,210 EMPIRE LLC,10011,Unenclosed,793,40,80,Pending Review
342,INDEPENDENT OF 23RD STREET LLC,10010,Small Unenclosed,111,3,12,Application Review Completed
343,GRAHAM RESTAURANT LLC,11211,Unenclosed,479,21,37,Pending Review
344,"2255 EMMONS CAFE LOUNGE, INC.",11235,Unenclosed,850,36,72,Application Review Completed
345,"18 GREENWICH AVENUE, LLC",10011,Unenclosed,183,8,16,Application Review Completed
346,PRINCE COFFEE HOUSE CORP,10458,Unenclosed,761,17,56,Application Review Completed
347,FOUR GREEN FIELDS LLC.,10014,Enclosed,240,12,24,Pending Review
348,"YO-BURGER, INC.",10463,Unenclosed,419,26,52,Application Review Completed
349,SWAUTO LTD,10009,Unenclosed,231,12,24,Application Review Completed
350,662 FULTON ST RESTAURANT CORP.,11217,Unenclosed,243,11,24,Application Review Completed
351,BUL INC,11209,Unenclosed,302,15,30,Pending Review
352,"1621 RESTAURANTS, INC.",10028,Unenclosed,177,9,18,Application Review Completed
353,GREEK KITCHEN INC.,10019,Enclosed,447,13,26,Pending Review
354,31 GREAT JONES RESTAURANT CORP.,10012,Unenclosed,159,7,14,Application Review Completed
355,"EAST SIDE BURGERS, LLC",10021,Unenclosed,326,9,20,Application Review Completed
356,ASADERO LA FOGATA CORP,11368,Enclosed,557,20,40,Application Review Completed
357,"WORKHORSE RESTAURANT, INC.",10025,Unenclosed,157,9,18,Application Review Completed
358,DAR 168 INC.,11222,Unenclosed,65,3,7,Pending Review
359,TIMONI INC,10012,Unenclosed,126,8,18,Application Review Completed
360,ANDREAS FOOD CORP.,11101,Unenclosed,125,4,8,Application Review Completed
361,BELCANTATA REST. INC.,10022,Small Unenclosed,56,2,8,Application Review Completed
362,L PLUS L PRODUCTIONS LLC,10014,Unenclosed,207,12,24,Application Review Completed
363,"ROSSINI, LLC",10021,Unenclosed,440,18,52,Application Review Completed
364,CARIBBEAN STARR INC,10027,Small Unenclosed,110,6,12,Pending Review
365,83/AMSTERDAM RESTAURANT CORP.,10024,Unenclosed,302,9,26,Application Review Completed
366,EL ENCANTO DE LOLA 2 LLC,10026,Unenclosed,351,20,40,Application Review Completed
367,"33 WEST 54TH STREET, LLC",10019,Small Unenclosed,46,1,4,Application Review Completed
368,ZUCKER'S COLUMBUS LLC,10023,Unenclosed,204,12,27,Pending Review
369,Anejo Tribeca LLC,10013,Unenclosed,244,12,24,Application Review Completed
370,"HAVATEQUILA RESTAURANT PARTNERS, LLC",10282,Unenclosed,1253,19,38,Application Review Completed
371,ELLA HOSPITALITY LLC,11211,Unenclosed,163,4,16,Application Review Completed
372,"THE GUILD OF LIQUIDUS INTENT, LLC",11206,Unenclosed,168,9,18,Application Review Completed
373,SILO EAST INC.,10022,Unenclosed,42,4,8,Application Review Completed
374,"THIRD AVE. REST., INC.",10024,Unenclosed,197,8,19,Application Review Completed
375,TABLE 87 GOWANUS NYC LLC,11215,Unenclosed,328,6,24,Application Review Completed
376,"LA MERIDIANA, LTD.",10014,Unenclosed,185,12,24,Application Review Completed
377,"THE SMOKE JOINT, LLC",11217,Enclosed,161,5,12,Pending Review
378,AK RESTAURANT GROUP LLC,11103,Unenclosed,817,20,74,Application Review Completed
379,"520 COLUMBUS AVE., LTD.",10024,Unenclosed,297,10,24,Application Review Completed
380,568 AMSTERDAM LLC,10024,Unenclosed,180,10,20,Pending Review
381,339 SEVENTH AVENUE BAKERY LLC,10001,Unenclosed,339,15,30,Application Review Completed
382,"ST. JUDE ENTERPRISES, LLC",10013,Unenclosed,66,4,8,Application Review Completed
383,"LE-SE AMSTERDAM 732 RESTAURANT, INC.",10025,Unenclosed,147,7,17,Pending Review
384,PATRICIAS MORRIS PARK CORP.,10461,Unenclosed,154,4,16,Pending Review
385,TK FOOD CONCEPTS LLC,11211,Unenclosed,221,9,18,Application Review Completed
386,TSG 89 CORP.,10128,Enclosed,510,20,40,Pending Review
387,MANEKEN CORP.,10014,Unenclosed,140,6,11,Application Review Completed
388,188 AVE A TAKE OUT FOOD CORP.,10009,Unenclosed,286,14,28,Application Review Completed
389,"CAFFE SILVESTRI, INC.",10013,Unenclosed,380,21,42,Application Review Completed
390,BIANCHIBK LLC,11238,Unenclosed,434,7,22,Application Review Completed
391,"DOUBLE DIP, LLC",10014,Enclosed,333,11,26,Pending Review
392,PANZI ENTERPRISES LLC,10014,Unenclosed,340,13,36,Pending Review
393,352 RESTAURANT CORP.,10001,Unenclosed,200,6,12,Application Review Completed
394,PRYM 1216 STREET LEVEL LLC,10001,Unenclosed,133,4,8,Application Review Completed
395,421 AMSTERDAM PIZZA CORP,10024,Unenclosed,212,12,24,Application Review Completed
396,"GEORGE'S SCC, INC.",10461,Enclosed,511,11,44,Pending Review
397,92ND AND 3RD REST CORP.,10128,Unenclosed,468,35,70,Application Review Completed
398,PRET A MANGER (USA) LIMITED,10019,Small Unenclosed,325,9,18,Application Review Completed
399,"CAMGT 510 W 42 RESTAURANT OPERATING, LLC",10036,Unenclosed,212,8,16,Application Review Completed
400,"NAUGHTY GULL, LLC",10014,Unenclosed,147,7,17,Application Review Completed
401,"LX AVENUE BAGELS, INC.",10028,Unenclosed,35,4,8,Application Review Completed
402,"BACON & BAGELS, LLC",10075,Unenclosed,514,17,44,Pending Review
403,THE CALAVERAS GROUP LLC,10025,Unenclosed,53,4,8,Application Review Completed
404,"EL ORIGINAL NYC, LLC",10019,Unenclosed,259,12,24,Application Review Completed
405,"MIDTOWN HOSPITALITY, LLC",10022,Unenclosed,105,4,8,Pending Review
406,"SUNDAY IN BROOKLYN, LLC",11249,Unenclosed,300,16,31,Pending Review
407,CARA JECM LLC,10014,Enclosed,735,21,52,Pending Review
408,COFFEE PLACE CORP.,11229,Unenclosed,405,11,22,Pending Review
409,VIRGILIA CAFE INC,10028,Unenclosed,197,4,16,Application Review Completed
410,CAFE ARGENTINO INC.,11211,Unenclosed,299,7,18,Pending Review
411,"CAFFE VETRO, INC.",10012,Unenclosed,97,6,12,Application Review Completed
412,POLLOS MARIO WOODHAVEN CORP.,11374,Enclosed,412,10,40,Pending Review
413,MJAJ FOOD CORP.,10021,Enclosed,371,11,22,Application Review Completed
414,MZ RESTAURANT GROUP LLC,11102,Unenclosed,383,9,34,Application Review Completed
415,"ZIA MARIA LITTLE ITALY, LLC",10013,Unenclosed,75,4,8,Application Review Completed
416,"SALTOTO, INC.",10075,Unenclosed,169,8,20,Application Review Completed
417,83/AMSTERDAM RESTAURANT CORP.,10024,Enclosed,212,6,16,Application Review Completed
418,TIG ASTORIA LLC,11103,Unenclosed,116,5,10,Application Review Completed
419,ALIAGED DINING INC,11375,Unenclosed,278,13,28,Pending Review
420,DON GENNARO LLC,11103,Unenclosed,129,6,12,Application Review Completed
421,ZUPPANYC LLC,11211,Unenclosed,207,10,22,Application Review Completed
422,KOURELI RESTAURANT GROUP INC,10022,Small Unenclosed,56,4,8,Pending Review
423,HTL GREENPOINT LLC,11222,Unenclosed,369,10,26,Application Review Completed
424,63 GUERNSEY LLC,11222,Unenclosed,474,8,60,Application Review Completed
425,"LUNELLA RISTORANTE, INC.",10013,Unenclosed,110,4,8,Pending Review
426,CAFE KITSUNE INC.,10014,Unenclosed,145,8,16,Application Review Completed
427,TUTTO BENE RESTAURANT INC.,10011,Unenclosed,126,6,12,Pending Review
428,3 IN 1 KITCHEN AMK CORP.,11219,Enclosed,191,8,16,Pending Review
429,VABEH FIRST LLC,11211,Unenclosed,96,6,12,Pending Review
430,"JOE & THE JUICE NEW YORK, LLC",10025,Small Unenclosed,205,4,8,Application Review Completed
431,JOE & THE JUICE NEW YORK LLC,10014,Unenclosed,177,4,8,Application Review Completed
432,JOHN-PHIL TAVERN CORP,10022,Unenclosed,322,13,26,Application Review Completed
433,TABOON RESTAURANT CORP.,10019,Unenclosed,196,11,22,Application Review Completed
434,MADREL LLC,10025,Unenclosed,650,30,58,Pending Review
435,910 SEVENTH  AVE REST LLC,10019,Small Unenclosed,132,4,16,Application Review Completed
436,STONE PARK CORNER LLC,11215,Unenclosed,238,11,22,Application Review Completed
437,"SOL'S RESTAURANT, INC.",10034,Unenclosed,542,13,38,Application Review Completed
438,LYH DITMARS HOSPITALITY CORP,11105,Unenclosed,134,4,12,Application Review Completed
439,MARCO POLO TAKE OUT LLC,11231,Unenclosed,99,4,8,Pending Review
440,NICOBAR LTD,11375,Unenclosed,196,10,20,Application Review Completed
441,SIXTY HOSPITALITY LLC,10022,Small Unenclosed,281,6,20,Application Review Completed
442,"HEARTH RESTAURANT INVESTORS, LLC",10009,Unenclosed,244,9,18,Application Review Completed
443,"DMF GRAMERCY ENTERPRISES, INC.",10003,Unenclosed,611,16,54,Pending Review
444,402 8TH AVE. REST. INC.,10001,Unenclosed,196,7,14,Application Review Completed
445,"LIRA OF NEW YORK, INC.",10075,Unenclosed,98,4,8,Pending Review
446,"RIVERWALK MANAGEMENT, INC",11222,Unenclosed,70,3,10,Application Review Completed
447,NOCHE DE MARGARITAS RESTAURANT INC,10128,Unenclosed,70,4,8,Application Review Completed
448,HONEYBRAINS LAFAYETTE LLC,10012,Unenclosed,240,10,19,Pending Review
449,ERS ENTERPRISES INC.,10023,Enclosed,880,22,46,Application Review Completed
450,R G BAR G LLC,11237,Small Unenclosed,169,5,15,Application Review Completed
451,BROOKLYN HEIGHTS WINE BAR LLC,11201,Unenclosed,138,6,12,Application Review Completed
452,3706 THIRTY INC.,11103,Unenclosed,112,6,12,Application Review Completed
453,BACBARS GROUP LLC,10014,Enclosed,397,14,32,Application Review Completed
454,"HALF PINT ON THOMPSON, LLC",10012,Unenclosed,148,9,18,Application Review Completed
455,RIZ BAGEL INC.,11377,Enclosed,306,8,23,Pending Review
456,MADRE HOSPITALITY INC,11222,Unenclosed,129,4,16,Application Review Completed
457,41-08 REST. CORP.,11105,Unenclosed,439,15,30,Pending Review
458,NANCE CORP.,11209,Unenclosed,227,15,34,Application Review Completed
459,FOYER LLC,10010,Unenclosed,88,4,4,Application Review Completed
460,RECTOR STREET FOOD ENTERPRISES LTD.,10006,Unenclosed,140,4,8,Application Review Completed
461,"ASTORIA RESTAURANT GROUP, INC",11103,Unenclosed,118,6,12,Application Review Completed
462,"OSO HAMILTON HEIGHTS, LLC",10031,Unenclosed,180,9,18,Application Review Completed
463,YARDBIRD LLC,10009,Unenclosed,152,10,20,Application Review Completed
464,1431 FIRST AVENUE CORP.,10021,Unenclosed,180,6,16,Application Review Completed
465,"JEC II, LLC",10014,Unenclosed,655,24,58,Application Review Completed
466,"MCDONALD'S RESTAURANTS OF NEW YORK, INC.",10009,Enclosed,281,10,21,Pending Review
467,BUKEFAL LLC,10024,Unenclosed,279,15,30,Application Review Completed
468,JL SOLO INC,10012,Unenclosed,138,6,15,Application Review Completed
469,JETHOU LLC,10002,Small Unenclosed,264,9,18,Application Review Completed
470,"SIMMONS PROVISIONS OF NY, LLC",11215,Unenclosed,83,2,12,Application Review Completed
471,CRESCENT ST PIZZERIA INC,11101,Unenclosed,392,12,24,Application Review Completed
472,BF NY 82 LLC.,10028,Unenclosed,39,2,4,Application Review Completed
473,M.B.R.P. REST. INC.,10021,Unenclosed,212,12,25,Application Review Completed
474,"NARICHE, LLC",10026,Unenclosed,467,20,44,Pending Review
475,"ITPMP, INC",11105,Small Unenclosed,151,5,10,Application Review Completed
476,CARRA LLC,10010,Unenclosed,256,11,25,Pending Review
477,MOS EISLEY LLC,10009,Unenclosed,124,3,10,Application Review Completed
478,Center Blvd Restaurant LLC,11101,Unenclosed,646,12,48,Application Review Completed
479,CANTALOUPE LLC,10012,Unenclosed,53,2,5,Application Review Completed
480,BROOKLYN BURGERS LLC,11228,Unenclosed,382,7,28,Application Review Completed
481,CRC HOSPITALITY GROUP LLC,10016,Unenclosed,106,5,10,Application Review Completed
482,STOKES & MCGINLEY INC,10019,Unenclosed,140,8,16,Application Review Completed
483,BARFLY NYC INC,10010,Unenclosed,186,8,16,Application Review Completed
484,TB 584 AMSTERDAM REST. CORP.,10024,Unenclosed,280,12,24,Pending Review
485,"SOH PEACE, INC.",10012,Unenclosed,108,7,14,Pending Review
486,"4 EARTH TACOS, LLC",10128,Unenclosed,277,12,25,Application Review Completed
487,VINO POSTO CORP.,10022,Unenclosed,92,5,11,Application Review Completed
488,3 Richardson Mexico LLC,11211,Unenclosed,397,20,45,Application Review Completed
489,MAGIC FOOD CORPORATION,11105,Unenclosed,140,6,14,Application Review Completed
490,"SOUTH VILLAGE HOSPITALITY GROUP, LLC",10012,Unenclosed,66,2,8,Application Review Completed
491,DALTONS BAR AND GRILL LLC,11370,Unenclosed,232,8,16,Application Review Completed
492,BALCONY CAFE INC.,10007,Unenclosed,237,13,26,Pending Review
493,51 KENT CAFE INC.,11249,Unenclosed,437,24,50,Application Review Completed
494,West D & P LLC,10023,Unenclosed,138,6,26,Pending Review
495,CHARLEY ST. INC,10012,Unenclosed,95,4,8,Application Review Completed
496,"MALABAR KITCHEN, LLC",11238,Unenclosed,182,9,17,Application Review Completed
497,Bytelogics Inc,10003,Enclosed,132,4,8,Pending Review
498,NORIKOH K.O.H. INC,10010,Unenclosed,440,10,20,Application Review Completed
499,"SARABETH'S TRIBECA, LLC",10013,Unenclosed,300,12,26,Application Review Completed
500,NKLG CAFE CORP.,11106,Unenclosed,291,13,27,Application Review Completed
501,IL PORTO BRICK OVEN RISTORANTE LLC,11205,Unenclosed,207,8,18,Application Review Completed
502,C.S.L.L. REST. CORP.,10021,Enclosed,380,12,24,Pending Review
503,YERINA RESTAURANT CORP.,10003,Unenclosed,94,3,8,Application Review Completed
504,"CAKOR RESTAURANT, INC.",10458,Unenclosed,131,11,30,Application Review Completed
505,"ARGOT ENTERPRISE, INC",10031,Unenclosed,81,6,12,Application Review Completed
506,1483 FIRST AVENUE RESTAURANT INC.,10075,Unenclosed,72,8,16,Pending Review
507,PAOLA'S RESTAURANT GROUP LLC,10128,Small Unenclosed,216,6,24,Application Review Completed
508,"921 BROADWAY BAKERY, LLC",10010,Unenclosed,512,18,38,Pending Review
509,SYMBIONTS LIVING LLC,11201,Unenclosed,292,10,24,Application Review Completed
510,200 EAST 81ST RESTAURANT CORP.,10028,Unenclosed,253,16,32,Application Review Completed
511,305 BLEECKER FOOD MARKET LLC,10014,Enclosed,253,6,16,Pending Review
512,"JO-RACH, INC.",10013,Unenclosed,125,3,10,Application Review Completed
513,SOUTH 4TH RESTAURANT COMPANY LLC,11237,Unenclosed,172,9,18,Application Review Completed
514,JOE & THE JUICE NEW YORK LLC,10024,Unenclosed,174,4,8,Application Review Completed
515,COSITAS RICAS CORP.,11372,Enclosed,294,10,28,Pending Review
516,JOANNIDES GROUP LLC,11105,Unenclosed,473,16,32,Application Review Completed
517,22 EAST 54TH STREET RESTAURANT CORP.,10022,Small Unenclosed,140,5,10,Pending Review
518,LADUREE MADISON LLC,10021,Unenclosed,143,4,8,Application Review Completed
519,CREDENCE LLC,11215,Unenclosed,380,16,32,Application Review Completed
520,UPPER WEST REST. CORP.,10024,Unenclosed,504,22,44,Application Review Completed
521,106 3RD AVE NYC INC.,10003,Unenclosed,297,14,28,Application Review Completed
522,177 CHRYSTIE INC.,10009,Unenclosed,501,15,31,Application Review Completed
523,A.O. CAFE AND RESTAURANT LLC,10009,Unenclosed,126,6,14,Application Review Completed
524,BRASSERIE COGNAC EAST CORP.,10021,Unenclosed,260,9,22,Pending Review
525,"SILVER MOON BAKERY, INC.",10025,Unenclosed,261,15,30,Application Review Completed
526,DANICA LLC,10024,Unenclosed,178,10,20,Application Review Completed
527,HEDGIE LLC,10038,Unenclosed,189,11,23,Application Review Completed
528,"VICTORY SWEET SHOP, LTD.",11105,Unenclosed,195,6,18,Application Review Completed
529,"UNCLE JACK'S MEAT COMPANY ASTORIA, INC",11105,Unenclosed,273,15,30,Application Review Completed
530,27-39 EAST 30 REST CORP,10016,Unenclosed,176,9,18,Pending Review
531,4902 SKILLMAN CAFE LLC,11377,Unenclosed,352,10,24,Application Review Completed
532,KAZO INC,10022,Unenclosed,230,9,18,Application Review Completed
533,"ST. JAMES ASSOCIATES, L.P.",10017,Unenclosed,214,8,16,Pending Review
534,"BUTCHER KING,INC",11103,Unenclosed,143,8,16,Application Review Completed
535,1702 RATHBONES INC.,10128,Unenclosed,224,12,32,Application Review Completed
536,217 W85 LLC,10024,Unenclosed,178,10,20,Application Review Completed
537,"CAFE MOCHA, INC.",10003,Unenclosed,230,12,24,Application Review Completed
538,Thessabul LLC,10003,Unenclosed,273,6,20,Application Review Completed
539,SALERNITANI LTD,10128,Unenclosed,107,8,16,Pending Review
540,B5 LLC,11105,Unenclosed,346,12,36,Application Review Completed
541,ABA TURKISH RESTAURANT LLC,10019,Unenclosed,164,8,16,Application Review Completed
542,MY MOST FAVORITE 72ND ST. CORP.,10023,Enclosed,350,10,27,Pending Review
543,REGULAR WOW LLC,11205,Unenclosed,357,17,36,Application Review Completed
544,"PQ CHELSEA, INC.",10011,Unenclosed,198,8,16,Application Review Completed
545,GROUBEN FOOD CORP.,10016,Unenclosed,125,4,8,Application Review Completed
546,"AMY SCHERBER, INC.",11201,Unenclosed,208,10,20,Application Review Completed
547,"LA SCALA RESTAURANT, LLC",10036,Unenclosed,455,11,34,Application Review Completed
548,B.L.T.G. PIZZA INC.,10024,Unenclosed,240,15,30,Application Review Completed
549,GEISHA 3470 INC,10031,Unenclosed,156,8,18,Application Review Completed
550,"BY THE GLASS, INC. UVA",10075,Unenclosed,135,8,16,Application Review Completed
551,"MARLOW, INC.",11249,Unenclosed,337,12,24,Application Review Completed
552,SEAN OG ENTERPRISES LLC,11377,Unenclosed,342,15,30,Pending Review
553,PK & SON LLC,10065,Small Unenclosed,101,6,12,Pending Review
554,BURKE'S BEAL BOCHT CORP.,10463,Unenclosed,170,4,20,Application Review Completed
555,ROJITA MANAGEMENT LLC,10025,Unenclosed,277,7,22,Application Review Completed
556,VEGG 58TH LLC,10019,Unenclosed,130,8,16,Pending Review
557,LAGADA CORP.,10065,Enclosed,446,12,32,Pending Review
558,BAR BERTRAND LLC,11216,Unenclosed,177,8,16,Application Review Completed
559,DAVIS AND DEVORE GROUP LLC,11249,Unenclosed,294,13,28,Application Review Completed
560,"AFB LOUNGE, LLC",11103,Unenclosed,85,4,16,Application Review Completed
561,BOLD FOOD LAFAYETTE ST LLC,10012,Unenclosed,137,5,10,Application Review Completed
562,STAX77 LLC,10075,Enclosed,346,9,30,Pending Review
563,LPB1 LLC,10010,Unenclosed,406,14,34,Application Review Completed
564,KILO ASTORIA INC,11105,Unenclosed,160,5,20,Application Review Completed
565,68TH ST CAFE INC.,10023,Unenclosed,285,14,28,Application Review Completed
566,TAIKAI INC,10024,Unenclosed,177,9,17,Application Review Completed
567,"PQ WEST 84TH, INC.",10024,Unenclosed,202,8,16,Application Review Completed
568,PONENTE LLC,10036,Unenclosed,249,10,20,Application Review Completed
569,"135 WEST B FOOD & DRINK, LLC",10013,Unenclosed,112,5,10,Application Review Completed
570,"TIN MARIN BAR & LOUNGE, INC.",10463,Unenclosed,146,7,14,Pending Review
571,ESPRESSO BOOKSTORE & CAFE BROADWAY LLC,10023,Unenclosed,232,8,16,Application Review Completed
572,"316 BOWERY, LLC",10012,Unenclosed,400,17,34,Application Review Completed
573,"MANNAGGIA, INC.",10003,Unenclosed,235,10,20,Application Review Completed
574,SPRING SOHO INC,10012,Regular Unenclosed/Small Unenclosed,301,11,22,Application Review Completed
575,132 7TH AVE REST LLC,10011,Unenclosed,270,9,30,Application Review Completed
576,BASIL LLC,11213,Unenclosed,234,5,19,Application Review Completed
577,"LE BILBOQUET NY, LLC",10022,Small Unenclosed,176,5,20,Pending Review
578,"86 SOUTH PORTLAND, LLC",11217,Enclosed,118,7,14,Application Review Completed
579,112 RESTAURANT CORP.,11217,Unenclosed,153,6,12,Pending Review
580,LCN CAFE CORP.,11375,Unenclosed,528,18,36,Application Review Completed
581,MOTORINO BROADWAY INC.,11211,Unenclosed,120,6,12,Application Review Completed
582,NARITA JAPANESE RESTAURANT INC.,11375,Unenclosed,220,11,21,Application Review Completed
583,E & R U.S. VENTURES LLC,10016,Unenclosed,76,4,8,Application Review Completed
584,ALADDIN AND PRINCESS ZALABIA INC,11106,Unenclosed,306,10,30,Application Review Completed
585,R&G SPRING LLC,10012,Unenclosed,23,2,4,Application Review Completed
586,LUKE'S LOUNGE INC,10461,Unenclosed,83,2,8,Application Review Completed
587,WHITE HORSE HOSPITALITY LLC,10014,Unenclosed,728,24,72,Application Review Completed
588,PEANUT FACTORY LLC,10011,Unenclosed,120,6,12,Application Review Completed
589,IDG SEAPORT CORP.,10038,Unenclosed,203,12,24,Application Review Completed
590,INNOVATION KITCHENS LLC,10014,Unenclosed,405,5,24,Application Review Completed
591,"ST. JAMES ASSOCIATES, L.P.",10017,Enclosed,334,12,24,Pending Review
592,"119 7TH AVENUE CAFETERIA, LLC",10011,Unenclosed,470,21,42,Application Review Completed
593,BIBLIO INC,11249,Unenclosed,116,2,8,Application Review Completed
594,"PLOUTARXOS, INC.",11375,Unenclosed,481,22,44,Application Review Completed
595,"LUPE'S EAST L.A. KITCHEN, INC.",10013,Small Unenclosed,200,4,16,Application Review Completed
596,"31ST STREET PIZZA PALACE, INC.",11105,Enclosed,341,14,30,Pending Review
597,"TRES DE MEXICO, LLC",11211,Unenclosed,75,4,8,Application Review Completed
598,THIRD AVE FOOD CORP,10010,Unenclosed,448,22,44,Application Review Completed
599,TK REST. CORP.,10013,Unenclosed,316,15,31,Application Review Completed
600,UNION FRANKLIN ONE INC,11225,Unenclosed,356,13,30,Application Review Completed
601,153 ELIZABETH HOTEL LLC,10012,Unenclosed,470,14,42,Application Review Completed
602,KANG YUE USA CORPORATION,11375,Unenclosed,184,7,14,Pending Review
603,"SAL'S FAMILY PIZZA, INC",10013,Unenclosed,98,6,12,Application Review Completed
604,SHANNON CAFE LLC,10022,Unenclosed,113,4,8,Application Review Completed
605,VIDA ENTERPRISE INC.,10034,Unenclosed,435,23,46,Application Review Completed
606,"135 STUDIO N ADR, INC.",11211,Unenclosed,124,5,11,Application Review Completed
607,"34-02 Broadway Tavern, Inc.",11106,Unenclosed,435,14,28,Application Review Completed
608,CHEZ JOSEPHINE LTD.,10036,Unenclosed,168,8,16,Application Review Completed
609,CAFE CASANO LLC,10004,Unenclosed,204,9,23,Application Review Completed
610,1 & 3 ON 5TH CORP.,11211,Unenclosed,266,13,26,Pending Review
611,"N.Y. RESTAURANT SUPPLIES, INC.",10003,Unenclosed,202,12,24,Application Review Completed
612,AEMAL LLC,10013,Unenclosed,308,16,29,Pending Review
613,KARABINIS DINER CORP,11234,Enclosed,473,15,46,Pending Review
614,MORNINGSIDE TERRACE CORP,10019,Unenclosed,105,6,12,Application Review Completed
615,TUMMA KHAKUEN INC,10021,Unenclosed,374,19,38,Application Review Completed
616,ONE MELON LLC,10012,Unenclosed,420,14,28,Application Review Completed
617,"WA-HI DINER, LLC",10032,Enclosed,322,8,24,Application Review Completed
618,"SBCPS, LLC",10019,Unenclosed,256,10,20,Pending Review
619,IXHEL CORPORATION,10024,Enclosed,285,10,28,Application Review Completed
620,UPPER WEST HOSPITALITY LLC,10024,Unenclosed,185,12,20,Application Review Completed
621,"DEAN & DELUCA SMALL FORMAT LQ, LLC",10014,Unenclosed,450,12,36,Application Review Completed
622,357 HOSPITALITY INC.,10024,Unenclosed,473,17,34,Application Review Completed
623,"26TH STREET RESTAURANT, LLC",10010,Small Unenclosed,100,3,6,Application Review Completed
624,"OFF CUTS, LLC",10014,Unenclosed,65,4,8,Application Review Completed
625,KI MOON RESTAURANT CORP.,11103,Unenclosed,121,6,12,Application Review Completed
626,BLUE OCEAN GROUP INC.,10026,Unenclosed,296,14,28,Pending Review
627,CROWN ALLEY LLC,10028,Unenclosed,220,11,22,Application Review Completed
628,"76TH STREET RESTAURANT , LLC",10021,Small Unenclosed,322,12,24,Application Review Completed
629,STROKOS GOURMET DELI INC,10025,Enclosed,301,10,20,Application Review Completed
630,DLS CHICKEN CORP.,10024,Unenclosed,305,8,32,Pending Review
631,SIX LOUNGE LLC,10026,Unenclosed,261,11,22,Pending Review
632,1490 REST. INC.,10075,Unenclosed,113,6,12,Application Review Completed
633,SHIRT RESTAURANT CORP.,10128,Small Unenclosed,83,2,8,Application Review Completed
634,IFETA CORP.,11103,Unenclosed,144,6,16,Pending Review
635,GRACE BARZ LTD,11106,Enclosed,720,14,56,Pending Review
636,EVIR CORP,10003,Unenclosed,386,10,24,Pending Review
637,RED ROOSTER HARLEM LLC,10027,Unenclosed,493,20,40,Pending Review
638,BROOKLYN BURGER & BEERS CORP,11215,Unenclosed,274,11,23,Application Review Completed
639,PILAR CUBAN RESTAURANT INC,11216,Unenclosed,180,7,14,Application Review Completed
640,PARK AVE CAKE LLC,10003,Unenclosed,310,7,22,Application Review Completed
641,LUNA CAFE INC,10458,Unenclosed,509,28,56,Pending Review
642,COOLJAG CORP.,11104,Small Unenclosed,269,10,28,Application Review Completed
643,ESQUINA NYC 1402 SECOND LLC,10021,Unenclosed,170,6,22,Application Review Completed
644,CONCORD HILL INC,11211,Unenclosed,127,7,16,Application Review Completed
645,BUBBYS MP LLC,10014,Unenclosed,727,33,70,Pending Review
646,C & C FIRST AVE. CORP.,10075,Enclosed,280,7,24,Pending Review
647,"M.E.G.RESTAURANT ENTERPRISES,LTD.",10010,Unenclosed,163,4,12,Application Review Completed
648,CAFE 52  RESTAURANT CORP,11377,Small Unenclosed,90,4,8,Application Review Completed
649,"GREEN 84, LLC",10028,Unenclosed,356,14,28,Application Review Completed
650,"35-01 36TH STREET REST., INC.",11106,Unenclosed,604,27,57,Application Review Completed
651,EAST HARLEM BOTTLING CO LLC,10029,Unenclosed,308,10,28,Application Review Completed
652,"419 MYRTLE REST, CORP.",11205,Unenclosed,677,31,70,Application Review Completed
653,"CALIENTE CAB REST. CO., INC.",10014,Unenclosed,752,42,84,Application Review Completed
654,ZESTFUL MANAGEMENT CORP.,10011,Unenclosed,89,4,12,Application Review Completed
655,MADISON PARK ACQUISITIONS LLC,10010,Unenclosed,217,7,16,Pending Review
656,CATERED BY PERGOLA LLC,10019,Regular Unenclosed/Small Unenclosed,95,6,14,Application Review Completed
657,NEW YORK BURGER 10th AVE INC.,10011,Enclosed,762,25,54,Pending Review
658,HAMILTON RESTAURANT GROUP INC,10031,Unenclosed,161,5,14,Application Review Completed
659,EL SAYED 1 CORP,10009,Unenclosed,280,10,20,Application Review Completed
660,"SHIP WRECKED BAR AND GRILL, INC.",10012,Enclosed,110,5,9,Pending Review
661,DESSERT PALACE BOSE INC,11235,Unenclosed,321,11,22,Pending Review
662,"60 SWEET THING, INC.",10022,Unenclosed,380,15,35,Application Review Completed
663,"SGR HOSPITALITY GROUP, LLC",10019,Small Unenclosed,70,1,2,Application Review Completed
664,345 COURT ST. CORP.,11231,Unenclosed,252,15,30,Application Review Completed
665,LENWICH 83RD LLC,10024,Unenclosed,136,6,12,Application Review Completed
666,MADERA PIZZA & GRILL INC,11101,Unenclosed,70,4,9,Application Review Completed
667,451 GRAHAM AVENUE CORP.,11222,Unenclosed,421,15,30,Application Review Completed
668,GARDEN CAFE ASSOCIATES LLC,10003,Unenclosed,198,5,20,Application Review Completed
669,"BROADWAY & 166TH, L.L.C.",10032,Enclosed,411,19,48,Pending Review
670,CJFM LLC,10003,Unenclosed,400,17,34,Application Review Completed
671,"BENNY'S BURRITOS, INC.",10014,Unenclosed,345,8,24,Application Review Completed
672,"GIGINO, INC.",10013,Unenclosed,115,4,10,Application Review Completed
673,"C & O COFFEE SHOP, INC.",10014,Unenclosed,163,5,10,Application Review Completed
674,KUBBEH LLC,10011,Unenclosed,151,8,16,Application Review Completed
675,"PLANT SHED PRINCE, INC.",10012,Unenclosed,301,18,36,Application Review Completed
676,ERJO COMPANY LLC,10012,Unenclosed,124,6,12,Application Review Completed
677,BIG DADDY'S II LLC,10028,Unenclosed,301,16,32,Application Review Completed
678,SECOND AVE RESTAURANT GROUP INC.,10003,Unenclosed,46,5,11,Application Review Completed
679,NOGLU NEW YORK LLC,10128,Small Unenclosed,36,2,4,Application Review Completed
680,THE GLORIOUS DEEP LLC,11237,Unenclosed,255,13,28,Application Review Completed
681,LLAMA SAN LLC,10014,Unenclosed,124,5,10,Pending Review
682,DAIMYO GROUP LLC,10003,Unenclosed,141,4,8,Application Review Completed
683,FRESH 54TH LLC,10019,Small Unenclosed,207,6,12,Application Review Completed
684,MAYFAIR WEST AT CHELSEA MARKET LLC,10027,Unenclosed,247,6,18,Application Review Completed
685,"CAFE FORTE, INC",11238,Unenclosed,207,10,20,Application Review Completed
686,NICA RESTAURANT CORP.,10028,Unenclosed,83,6,11,Application Review Completed
687,WEPA LA AREPA LLC,11217,Unenclosed,90,4,8,Application Review Completed
688,SARABETH'S PAS LLC,10016,Unenclosed,547,23,46,Application Withdrawn
689,EL CONDE M&G INC,10033,Enclosed,280,7,28,Pending Review
690,174 BEDFORD AVENUE BAR LLC,11211,Unenclosed,177,5,10,Pending Review
691,WHITMANS 261 HUDSON LLC,10013,Unenclosed,381,10,20,Pending Review
692,NINO AQ LLC,11105,Unenclosed,414,19,38,Application Review Completed
693,M.B.R.P. REST. INC.,10021,Enclosed,265,12,25,Application Review Completed
694,WHITE WALKER LLC,10013,Unenclosed,192,7,17,Application Review Completed
695,"WEST SIDE STEAKHOUSE, LLC",10036,Unenclosed,148,4,12,Application Review Completed
696,TARENTUM LTD,10001,Unenclosed,87,3,8,Pending Review
697,TOXOTIS LLC,11209,Unenclosed,390,19,38,Application Review Completed
698,FOOTPRINTS CAFE INC.,11203,Unenclosed,184,8,16,Application Review Completed
699,"TIRAMISU RESTAURANT, LLC",10028,Unenclosed,287,13,26,Application Review Completed
700,1279 1ST AVENUE LLC,10065,Enclosed,252,11,26,Application Review Completed
701,"THE KING OF TACOS HOUSE, INC",11369,Unenclosed,182,6,12,Application Review Completed
702,"BECAF, LLC",10009,Unenclosed,283,8,30,Application Review Completed
703,IVANKA CATERING LLC,10011,Unenclosed,270,11,22,Application Review Completed
704,"MNY HOLDINGS ASSOCIATES, LLC",10065,Enclosed,333,11,28,Pending Review
705,"APPLEJACK COFFEE SHOP, INC.",10019,Small Unenclosed,250,7,28,Application Review Completed
706,BAROSA INC.,11374,Enclosed,375,10,40,Pending Review
707,REGULARS LLC,11216,Unenclosed,119,7,14,Application Review Completed
708,L & J BRAZIL RESTAURANT INC.,10036,Small Unenclosed,127,2,8,Application Review Completed
709,ELSALAM ENTERPRISES INC,10025,Unenclosed,130,2,8,Application Review Completed
710,"KITCHEN TABLE, INC.",10003,Unenclosed,187,8,18,Pending Review
711,MOSHGAB CORP.,10024,Unenclosed,70,5,10,Application Review Completed
712,VEM GROUP CORP.,11103,Unenclosed,278,16,32,Application Review Completed
713,"002 MERCURY TACOS, LLC",10014,Unenclosed,200,8,25,Application Review Completed
714,WESTWAY DINER INC,10036,Unenclosed,211,18,36,Application Review Completed
715,"CHANGE YOUR LIFE, LLC",10003,Unenclosed,105,7,13,Application Review Completed
716,701 RESTAURANT LLC,10019,Unenclosed,170,5,10,Application Review Completed
717,"V & T RESTAURANT, INC.",10025,Unenclosed,365,18,35,Application Review Completed
718,AKRAM RESTAURANT MANAGEMENT INC.,10013,Unenclosed,266,19,38,Pending Review
719,207 WEST RESTAURANT CORP.,10034,Unenclosed,200,7,12,Pending Review
720,HAMILTON POINT GRANARY LLC,10031,Unenclosed,189,7,14,Application Review Completed
721,OLD VIENNA CAFE LLC,11375,Unenclosed,318,17,34,Application Review Completed
722,C.A.P. RESTAURANT CORP.,10036,Unenclosed,195,6,11,Application Review Completed
723,"HH BOWEN, LLC",10027,Unenclosed,176,8,16,Application Review Completed
724,"PQ CARNEGIE HILL, INC.",10128,Unenclosed,126,4,8,Application Review Completed
725,STONEFRUIT INC.,11205,Unenclosed,121,6,12,Application Review Completed
726,125 HOSPITALITY LLC,10012,Unenclosed,77,4,8,Application Review Completed
727,600 METROPOLITAN CORP.,11211,Unenclosed,184,6,18,Application Review Completed
728,J.J.M.A.P. CORP,11103,Unenclosed,357,18,40,Application Review Completed
729,HORSESHOES NY INC.,10036,Unenclosed,91,4,8,Application Review Completed
730,1325 CCPJ CORP,10029,Unenclosed,252,12,26,Application Review Completed
731,HEYDAY COCKTAIL AND CAFE LLC,11217,Unenclosed,103,5,10,Application Review Completed
732,THE 8801 CORP.,11209,Unenclosed,575,19,39,Pending Review
733,PAESANO REST. CORP.,10013,Unenclosed,97,3,6,Application Review Completed
734,CARMINE'S BROADWAY FEAST INC.,10024,Unenclosed,264,7,22,Pending Review
735,THE CRABBY SHACK LLC,11238,Unenclosed,270,9,18,Application Review Completed
736,SYVROS RESTAURANT CORP.,11105,Unenclosed,187,6,18,Application Review Completed
737,BROOKLYN THIN CRUST INC,11201,Unenclosed,153,8,18,Application Review Completed
738,MILL KOREAN RESTAURANT INC.,10025,Unenclosed,168,7,18,Pending Review
739,VANETT INC.,10461,Unenclosed,133,7,14,Pending Review
740,SUSHI GAMA CORP,10021,Unenclosed,188,9,18,Pending Review
741,177 1ST AVE LLC,10003,Unenclosed,176,4,12,Application Review Completed
742,THIRD AVE CAFE LLC,10016,Unenclosed,540,19,38,Application Review Completed
743,RACHEL'S TORTILLERIA INC,11215,Unenclosed,65,4,8,Application Review Completed
744,"CABANA-70 ASSOCIATES, L.P.",11375,Unenclosed,106,4,8,Application Review Completed
745,MAZ MEZCAL INC.,10028,Small Unenclosed,208,6,24,Application Review Completed
746,"18 BEDFORD AVE., LLC",11222,Unenclosed,319,15,30,Application Review Completed
747,1629 2ND RESTAURANT LLC,10028,Unenclosed,149,8,16,Application Review Completed
748,DUTCH KILLS RESTORATION CORP.,11101,Unenclosed,388,7,28,Application Review Completed
749,"MAGNOLIA COLUMBUS AVENUE, LLC",10023,Enclosed,365,15,34,Pending Review
750,61 READE PIZZA INC.,10007,Unenclosed,172,8,20,Application Review Completed
751,LAFITTE LLC,11222,Unenclosed,325,14,28,Application Review Completed
752,SILVIA L. DURAN,10040,Unenclosed,188,9,18,Application Review Completed
753,COVE LOUNGE INC.,10027,Unenclosed,357,16,34,Application Review Completed
754,"BL 30 CARMINE NY, LLC",10014,Unenclosed,140,6,12,Application Review Completed
755,SAMMY'S S.B. REST. CORP.,10464,Unenclosed,426,9,34,Pending Review
756,"FULTONGRAND BAR, INC.",11238,Unenclosed,365,12,52,Application Review Completed
757,CRAFT LLC,10003,Unenclosed,289,10,20,Pending Review
758,RENZAN SUSHI CORPORATION,10028,Unenclosed,230,12,24,Pending Review
759,VINO FIVE GROUP LLC,10016,Unenclosed,253,10,20,Pending Review
760,SIVAN DESIGN LLC,10026,Unenclosed,199,7,22,Application Review Completed
761,TRIM CASTLE CORP.,10003,Enclosed,116,8,21,Pending Review
762,11 CARMINE TACOS LLC,10014,Unenclosed,104,4,8,Application Review Completed
763,"RESTAURANT VENTURES OF NY, INC.",10012,Unenclosed,293,10,20,Application Review Completed
764,600 WEST 169TH REST. INC.,10032,Unenclosed,360,22,44,Application Review Completed
765,"LOGANBERRY, LLC",11106,Unenclosed,143,6,12,Application Review Completed
766,BODEGA 88 LLC,10024,Unenclosed,138,6,12,Application Review Completed
767,"UBER CAFFE, LLC",10002,Unenclosed,75,6,12,Application Review Completed
768,C7 AVE SOUTH LLC,10014,Unenclosed,294,18,36,Application Review Completed
769,190 SEVENTH AVENUE LLC,10011,Unenclosed,263,16,32,Application Review Completed
770,MAIDENEIRE LLC,10038,Unenclosed,60,4,8,Pending Review
771,FM70 INC.,10023,Unenclosed,168,6,14,Application Review Completed
772,PLANT BASED PIZZA NEW YORK LLC,10003,Unenclosed,202,10,22,Pending Review
773,SENSO UNICO RESTAURANT CORP,11104,Unenclosed,321,13,26,Application Review Completed
774,THE ALCOVE RESTAURANT INC,11104,Unenclosed,102,4,12,Application Review Completed
775,ALA TURK INC,10021,Enclosed,481,12,39,Pending Review
776,INTERNATIONAL HOSPITALITY CONCEPTS LLC,10014,Unenclosed,441,27,54,Application Review Completed
777,BOUCHERIE LLC,10014,Unenclosed,518,42,84,Application Review Completed
778,"TWO AND EIGHT GOURMET, LTD.",10003,Unenclosed,535,16,32,Application Review Completed
779,PARISIENNE CAFE INCORPORATED,10458,Unenclosed,104,4,8,Application Review Completed
780,THAI MARKET INC.,10025,Unenclosed,217,10,20,Application Review Completed
781,NJJMJ INC,10012,Unenclosed,98,5,10,Application Review Completed
782,MAMACHA LLC,10012,Unenclosed,111,9,18,Application Review Completed
783,GREENWOOD LAKE GROUP LLC,10031,Unenclosed,280,6,32,Application Review Completed
784,53 WEST 72ND STREET CAFE LLC,10023,Enclosed,344,13,26,Pending Review
785,ME7782 LLC,11101,Unenclosed,235,11,22,Application Review Completed
786,1 PERRY LLC,10014,Unenclosed,137,7,16,Application Review Completed
787,"LA RIPAILLE, CORP.",10014,Unenclosed,129,4,11,Application Review Completed
788,ANGEL OF HARLEM LLC,10027,Unenclosed,549,17,42,Application Review Completed
789,"MOHECO, INC.",11106,Unenclosed,289,11,26,Pending Review
790,MSB RESTAURANTS LLC,10003,Unenclosed,260,13,26,Pending Review
791,MA. VI. DO. REST. INC.,10065,Unenclosed,688,32,60,Application Review Completed
792,POSTO INC.,10003,Unenclosed,273,10,20,Pending Review
793,SPRING NATURAL CORP.,10024,Unenclosed,233,10,20,Application Review Completed
794,KDK LLC,10023,Unenclosed,186,4,16,Application Review Completed
795,"10TH AVENUE GROUP, INC.",10036,Unenclosed,307,13,27,Application Review Completed
796,PLJ REST. CORP.,10128,Unenclosed,346,19,40,Application Review Completed
797,NOOR EL HADA CORP.,11103,Unenclosed,228,11,25,Application Review Completed
798,SOFIA 61ST STREET CORP.,10065,Small Unenclosed,81,3,8,Application Review Completed
799,"SUN OF MAY, LLC",10027,Unenclosed,500,32,68,Application Review Completed
800,DONIZETTI LLC,10024,Unenclosed,360,12,34,Pending Review
801,LEGENDARY NIGHT SPOTS INC,10014,Unenclosed,349,18,36,Application Review Completed
802,NYCBCH LLC,11103,Unenclosed,165,8,16,Application Review Completed
803,LEVANTINO LLC,10025,Unenclosed,133,6,14,Pending Review
804,PEPE'S REST. GROUP LLC,10014,Unenclosed,33,2,4,Application Review Completed
805,164 MULBERRY ST. CORP.,10013,Unenclosed,113,4,8,Application Review Completed
806,"WESTVILLE RESTAURANT, INC.",10009,Unenclosed,80,8,18,Application Review Completed
807,UPNORTH BURGER LLC,10075,Unenclosed,161,10,18,Application Review Completed
808,SUSHI VIDA INC.,10034,Unenclosed,134,12,32,Application Review Completed
809,RHLP 284 LLC,11231,Unenclosed,156,6,12,Application Review Completed
810,425 GRAHAM RESTAURANT INC,11211,Unenclosed,120,7,14,Application Review Completed
811,JACH RESTAURANT CORP,10034,Unenclosed,223,10,20,Application Review Completed
812,KATOUNA INC.,10025,Unenclosed,400,12,48,Application Review Completed
813,"SALVATORES OF SOHO, INC.",10463,Unenclosed,380,17,42,Application Review Completed
814,BOYYTHAI CORP,10036,Unenclosed,285,9,18,Application Review Completed
815,1236 SECOND AVENUE REST. CORP.,10065,Enclosed,645,23,56,Application Review Completed
816,SCENIC ROUTE 66 CAFE INC.,10019,Unenclosed,115,4,8,Application Review Completed
817,"OLIVER'S ASTORIA, LLC",11103,Unenclosed,374,18,36,Pending Review
818,RARO INC.,10014,Unenclosed,351,14,42,Application Review Completed
819,"RAJMAR HOLDINGS, INC.",10014,Unenclosed,80,4,8,Pending Review
820,TACOS 'LOS VAQUEROS' LLC,10024,Unenclosed,711,11,36,Application Review Completed
821,"112 FRENCH, INC.",10025,Unenclosed,741,26,88,Application Review Completed
822,94 CORNER CAFE CORP.,10025,Unenclosed,177,4,16,Application Review Completed
823,SLJ BAR LLC,10014,Unenclosed,245,13,27,Pending Review
824,"114 KENMARE ASSOCIATES, LLC",10012,Unenclosed,337,8,26,Application Review Completed
825,"GOVAN RD, INC",10065,Unenclosed,98,4,8,Application Review Completed
826,NYS LEE INCORPORATED,11109,Unenclosed,405,14,42,Pending Review
827,181 LEXINGTON AVENUE BBQ LLC,10016,Unenclosed,268,11,22,Application Review Completed
828,MAC 1 FOOD AND BEVERAGE LLC,10013,Enclosed,536,5,32,Pending Review
829,OLIO RESTAURANTS LLC,10014,Unenclosed,449,21,46,Application Review Completed
830,"CAFE FOCACCIA, INC.",10065,Unenclosed,290,9,18,Application Review Completed
831,27 EAST RESTAURANT HOLDINGS LLC,10065,Small Unenclosed,98,3,12,Application Review Completed
832,"C & S GOURMET MEALS & DELI, INC",11105,Unenclosed,109,8,16,Application Review Completed
833,MARGHERITA CORPORATION,10013,Unenclosed,84,4,8,Application Review Completed
834,HOST 213 LLC,10003,Unenclosed,262,11,22,Application Review Completed
835,VIDA CAFE INC,10034,Unenclosed,822,44,89,Application Review Completed
836,ROOT & BONE LLC,10009,Unenclosed,274,12,24,Application Review Completed
837,PSSP NY INC.,10013,Unenclosed,61,5,10,Pending Review
838,"64 WEST RESTAURANT, LLC",10023,Unenclosed,676,38,76,Application Review Completed
839,JOYFUL EATS LLC,10003,Unenclosed,116,6,12,Application Review Completed
840,E2 185 BLEECKER LLC,10012,Unenclosed,116,3,6,Application Review Completed
841,BROOKLYN BROWNSTONE KITCHEN LLC,11205,Unenclosed,90,6,12,Application Review Completed
842,DESSYN BAKERY CORP.,10012,Unenclosed,83,5,10,Application Review Completed
843,"CARABEAN, LLC",10014,Enclosed,268,8,18,Application Review Completed
844,2896 BROADWAY FOOD SERVICE INC.,10025,Unenclosed,500,23,60,Application Review Completed
845,"BABY OLIVER, LLC",10023,Unenclosed,158,9,18,Pending Review
846,AMSTERDAM ALE HOUSE INC,10024,Unenclosed,330,11,32,Application Review Completed
847,"HUMMUS ON 6TH, LLC",10011,Unenclosed,90,6,12,Application Review Completed
848,"675 HUDSON VAULT, LLC",10014,Unenclosed,1300,48,135,Application Review Completed
849,"ASC, INC.",10013,Unenclosed,136,6,12,Application Review Completed
850,"FIORELLO'S ROMAN CAFE, INC.",10023,Unenclosed,575,32,64,Application Review Completed
851,"MICKEY'S PLACE ON 43RD ST., LTD.",11104,Unenclosed,234,16,32,Application Review Completed
852,"G.V.S. BAKERY, INC.",11105,Enclosed,285,12,23,Pending Review
853,1754 REST INC.,10128,Unenclosed,151,12,24,Application Review Completed
854,OSTERIA LAGUNA L.L.C.,10017,Small Unenclosed,155,3,12,Application Review Completed
855,"TWO BIKES, LLC",10002,Small Unenclosed,134,6,12,Application Review Completed
856,MIDTOWN KITCHEN LLC,10022,Unenclosed,151,7,14,Application Review Completed
857,THIERRY INC.,10021,Small Unenclosed,137,6,17,Application Review Completed
858,HL KOELN CORP.,11217,Unenclosed,503,30,66,Application Review Completed
859,"ANEJO, LLC",10036,Unenclosed,335,20,40,Application Review Completed
860,"BAGEL ON MURRAY STREET, LLC",10282,Unenclosed,223,4,8,Application Review Completed
861,BRIDGE 72 LLC,11201,Unenclosed,212,10,20,Pending Review
862,BROCCOLINO CORP.,11217,Unenclosed,53,4,8,Pending Review
863,TUFINO PIZZERIA NAPOLETANA INC,11105,Unenclosed,119,6,14,Application Review Completed
864,MAMA BAR LLC,10009,Unenclosed,201,10,20,Application Review Completed
865,151 BLEECKER LLC,10012,Unenclosed,146,7,16,Pending Review
866,PEPRICO INC.,10003,Unenclosed,116,8,16,Application Review Completed
867,STEM 330 LLC,10014,Unenclosed,126,6,12,Application Review Completed
868,NEW YORK BEER CO. LLC,10024,Unenclosed,207,9,18,Application Review Completed
869,"VLC UPPER WEST, LLC",10023,Unenclosed,81,4,8,Application Review Completed
870,003 VENUS TACOS LLC,10019,Unenclosed,124,6,12,Application Review Completed
871,BANTER WEST VILLAGE LLC,10014,Unenclosed,104,6,12,Application Review Completed
872,JAKK LLC,11104,Unenclosed,392,15,30,Application Review Completed
873,MANGIA RESTAURANT CORP.,11103,Unenclosed,480,20,40,Application Review Completed
874,TOTORE PIZZERIA & RESTAURANT INC,11105,Unenclosed,212,10,20,Application Review Completed
875,"HARLEM SAM, INC.",10028,Unenclosed,57,6,12,Application Review Completed
876,"FLAGSHIP S B AMSTERDAM NY, LLC",10024,Unenclosed,198,11,22,Application Review Completed
877,"L.E. GLOBE, LLC",10128,Unenclosed,565,18,60,Pending Review
878,MANETTA'S FINE FOOD CORP.,11101,Unenclosed,242,13,27,Application Review Completed
879,"LEAHLALA, LLC",11231,Unenclosed,351,8,32,Pending Review
880,KLT VENTURES LLC,10014,Unenclosed,128,6,12,Application Review Completed
881,"THREE DECKER RESTAURANT, LTD.",10128,Enclosed,414,14,28,Pending Review
882,"LULA ENTERPRISES, LLC",11218,Unenclosed,523,30,64,Application Review Completed
883,"BROADWAY 104, LLC",10025,Unenclosed,342,18,36,Pending Review
884,"BEACWAY OPERATING, LLC",10023,Unenclosed,461,8,32,Application Review Completed
885,KAYA MANAGEMENT CORP,10022,Small Unenclosed,243,9,22,Application Review Completed
886,138 WEST FORDHAM RD FOOD CORP,10468,Unenclosed,200,5,20,Application Review Completed
887,"FAT LEMONS, LLC",10026,Unenclosed,137,9,18,Application Review Completed
888,42-02 TAVERN INC.,11103,Unenclosed,353,17,34,Application Review Completed
889,Y.N.L.C. CAFE CORP.,11103,Unenclosed,862,31,62,Application Review Completed
890,ELEVATED ENTERTAINMENT RESTAURANTS LLC,10022,Unenclosed,219,8,16,Application Review Completed
891,"BB AT 55TH & 5TH, LLC",10019,Small Unenclosed,176,3,6,Application Review Completed
892,"TAVA CAFE, LLC",10012,Unenclosed,81,6,12,Application Review Completed
893,"BROADWAY DESSERTS, LTD.",10024,Unenclosed,480,21,48,Pending Review
894,NEW RESTART INC.,10013,Unenclosed,98,8,16,Application Review Completed
895,FIRST 69TH ST. REALTY CORP.,10023,Enclosed,422,17,34,Pending Review
896,"A.B.C. HOME FURNISHINGS, INC.",10003,Unenclosed,432,19,42,Pending Review
897,834 7TH AVENUE LLC,10019,Enclosed,500,13,54,Application Review Completed
898,"IROM, LLC",10065,Unenclosed,172,6,12,Application Review Completed
899,ZUMSCHNEIDER CORP.,10009,Unenclosed,532,29,60,Application Review Completed
900,"COBBLESTONE RESTAURANT GROUP, LLC",11201,Unenclosed,205,10,20,Application Review Completed
901,SUSHI VIDA 146 LLC,10031,Unenclosed,391,8,16,Pending Review
902,108 BAGEL CORP.,11694,Unenclosed,137,6,13,Pending Review
903,804 LEXINGTON AVENUE RESTAURANT INC.,10065,Small Unenclosed,299,7,28,Application Review Completed
904,AMGP RESTAURANT CORP.,11235,Unenclosed,492,23,46,Application Review Completed
905,149 SECOND AVE. REST. INC.,10003,Unenclosed,215,6,22,Application Review Completed
906,BSWR CORP.,10024,Unenclosed,139,7,16,Application Review Completed
907,LE GARAGE CORP,10022,Unenclosed,538,17,34,Application Review Completed
908,"VEZZO, INC.",10016,Unenclosed,342,16,32,Application Review Completed
909,SNOWDAY LLC,11215,Unenclosed,236,10,20,Application Review Completed
910,EAT MADISON 91 LLC,10128,Small Unenclosed,291,8,28,Application Review Completed
911,AMYLOS LLC,11106,Enclosed,537,21,46,Application Review Completed
912,UNCLE ABIES DELI ON FIRST INC.,10021,Enclosed,565,11,40,Pending Review
913,"M AND G TOGETHER 4 EVER, LLC",11217,Unenclosed,390,20,42,Application Review Completed
914,PRET A MANGER (USA) LIMITED,10003,Unenclosed,235,5,9,Application Review Completed
915,"SPUNTO, INC.",10014,Unenclosed,320,14,28,Pending Review
916,GST399 INC,10013,Unenclosed,246,13,26,Application Review Completed
917,CLOVE INDIAN RESTAURANT INC.,10031,Unenclosed,187,12,24,Application Review Completed
918,CALSHEA REST. CORP.,10001,Unenclosed,158,4,12,Pending Review
919,TS3 HOSPITALITY LLC,10023,Unenclosed,604,21,54,Pending Review
920,"ANOTHEROOM, INC.",10013,Unenclosed,140,8,16,Pending Review
921,MOSS CAFE LLC,10463,Unenclosed,66,2,4,Application Review Completed
922,"1600 AMSTERDAM HARLEM GROUP, LLC",10031,Unenclosed,226,12,24,Application Review Completed
923,VER34 LLC,10016,Small Unenclosed,70,4,8,Application Review Completed
924,"PROGETTO, INC.",10036,Unenclosed,106,5,10,Application Review Completed
925,WB CAFE INC.,10013,Unenclosed,126,8,16,Application Review Completed
926,BAYRIDGE HOSPITALITY GROUP LLC,11209,Unenclosed,335,15,30,Application Review Completed
927,CAFE CORTADITO LLC,10009,Unenclosed,105,6,12,Application Review Completed
928,"JONILU, LLC.",10022,Unenclosed,90,7,14,Application Review Completed
929,CAMPANIA FELIX LLC,10028,Enclosed,345,10,25,Pending Review
930,THANA REST INC.,10013,Unenclosed,362,20,40,Pending Review
931,La Luna Deli &Cafe Inc.,11103,Unenclosed,130,4,14,Application Review Completed
932,GRAND SABROSURA INC,10462,Enclosed,603,18,60,Pending Review
933,"SYLVIA WOODS, INC.",10027,Unenclosed,533,15,38,Pending Review
934,FIFTYONE MERCHANTS LLC.,10014,Unenclosed,221,8,16,Application Review Completed
935,R&G 86 LLC,11201,Unenclosed,203,10,24,Application Review Completed
936,ASTORIA CRAFT LLC,11102,Unenclosed,328,11,31,Application Review Completed
937,SOUTH LAKE HOSPITALITY GROUP INC.,10031,Unenclosed,180,5,19,Pending Review
938,ELEVEN FOOD AND BEVERAGE INC.,10013,Enclosed,263,6,26,Pending Review
939,HAENYEO CORP.,11215,Unenclosed,254,14,28,Pending Review
940,"THE ODEON, INC.",10013,Unenclosed,371,7,28,Application Review Completed
941,COOPER SQUARE 267 LLC,11217,Unenclosed,641,30,68,Pending Review
942,NLAM INC.,11211,Unenclosed,247,12,25,Pending Review
943,ESQEV LLC,10003,Unenclosed,231,8,18,Pending Review
944,LE BABA COOL INC,11217,Enclosed,60,3,6,Pending Review
945,COLUMBIA GREEK EATERY LLC,10027,Unenclosed,460,21,42,Application Review Completed
946,"DON PABLO, INC.",10128,Unenclosed,207,16,32,Application Review Completed
947,FOODS FOR JUNIORS INC,11201,Enclosed,123,19,58,Application Review Completed
948,753 WASHINGTON TRATTORIA INC.,10014,Unenclosed,267,10,24,Pending Review
949,390 BROOME RESTAURANT LLC,10013,Unenclosed,435,18,36,Application Review Completed
950,151 BLEECKER LLC,10012,Enclosed,172,7,13,Pending Review
951,Fanchon Realty Inc,11101,Unenclosed,283,7,24,Application Review Completed
952,MEZCALS OF 5TH AVE. REST CORP.,11215,Unenclosed,318,13,26,Application Review Completed
953,J.P.G. LLC,10014,Unenclosed,169,9,18,Application Review Completed
954,ABI GROUP LLC,11209,Enclosed,545,11,42,Pending Review
955,ABRUZZO DOCG INC.,10003,Unenclosed,230,9,18,Application Review Completed
956,2791 BROADWAY RESTAURANT GROUP LLC,10025,Enclosed,548,15,52,Pending Review
957,TAVERN 211 CORP,10009,Unenclosed,78,5,11,Application Review Completed
958,MOULINAS LLC,11201,Unenclosed,384,14,28,Application Review Completed
959,MUNSTER CAFE LLC,10016,Unenclosed,130,5,10,Application Review Completed
960,MYRTLE VILLAGE LLC,11221,Unenclosed,190,8,16,Application Review Completed
961,SWEETGREEN NEW YORK LLC,10065,Unenclosed,114,4,10,Pending Review
962,229 BLEECKER LLC,10013,Unenclosed,332,16,32,Application Review Completed
963,PARM UPPER WEST LLC,10023,Enclosed,253,6,16,Pending Review
964,132 MULBERRY INC,10013,Unenclosed,82,6,12,Pending Review
965,AMSTERDAM GS CORPORATION,10025,Unenclosed,453,26,56,Application Review Completed
966,NITEHAWK BROOKLYN LLC,11249,Unenclosed,266,14,28,Pending Review
967,"161 8TH AVE RESTAURANT, LLC",10011,Unenclosed,426,15,31,Pending Review
968,"768 MAD RESTAURANT, LLC",10065,Small Unenclosed,53,2,8,Pending Review
969,THE BEE FACTORY LLC,11103,Unenclosed,703,36,72,Pending Review
970,547 LENOX BARBQ REST CORP,10037,Unenclosed,639,26,52,Application Review Completed
971,1268 2ND AVE LLC,10065,Unenclosed,142,7,14,Application Review Completed
972,RAMBLING HOUSE INC.,10470,Unenclosed,300,17,34,Application Review Completed
973,S.G.M.G. CORP.,10458,Unenclosed,349,12,24,Application Review Completed
974,"COBRA CATERERS, INC.",10014,Unenclosed,185,7,25,Application Review Completed
975,RDK RESTAURANT CORP.,10012,Unenclosed,298,14,30,Application Review Completed
976,"PQ EAST 83RD ST, INC",10028,Unenclosed,226,10,22,Pending Review
977,PER TAVERN CORP.,11209,Enclosed,346,11,30,Pending Review
978,UNITED MINERS SOCCER CLUB INC,11101,Unenclosed,227,6,18,Application Review Completed
979,834 7TH AVENUE LLC,10019,Enclosed,500,13,54,Pending Review
980,LOW OVERRUN LLC,10012,Unenclosed,408,16,32,Pending Review
981,EVOO GROUP LLC,10022,Unenclosed,144,6,12,Pending Review
982,"TARO REST, INC.",10075,Unenclosed,84,4,8,Application Review Completed
983,ANTIOCHIA GRILL INC,11375,Unenclosed,288,12,24,Pending Review
984,MILLE-FEUILLE BAKERY BROADWAY LLC,10024,Unenclosed,92,4,8,Application Review Completed
985,"DIG INN 412 GREENWICH STREET, LLC",10013,Unenclosed,178,4,8,Application Review Completed
986,"136 WEST BROADWAY, INC.",10013,Unenclosed,96,6,12,Pending Review
987,TREL RESTAURANT INC.,10019,Small Unenclosed,382,7,28,Application Review Completed
988,PASTAIAT INC,10011,Unenclosed,77,4,8,Application Review Completed
989,ELEVATED 959 LLC,10022,Unenclosed,84,4,8,Application Review Completed
990,141 LAWRENCE REST LLC,11201,Unenclosed,214,9,21,Pending Review
991,GREENWICH HOTEL RESTAURANT LLC,10013,Unenclosed,570,19,38,Application Review Completed
992,PASTA SHOP LLC,10003,Unenclosed,398,18,36,Application Review Completed
993,"AURORA FG, INC",11205,Unenclosed,425,20,40,Pending Review
994,"KOSSARS & BEYOND, LLC",10002,Unenclosed,86,6,12,Application Review Completed
995,SPEAK INTEGRATED CORP.,10011,Unenclosed,232,10,21,Application Review Completed
996,"BUFFANNA, INC.",10013,Unenclosed,52,4,8,Application Review Completed
997,PQ 933 BROADWAY INC.,10010,Unenclosed,126,6,15,Pending Review
998,ISABELLA LIMON LLC,11238,Unenclosed,251,6,12,Application Review Completed
999,CALEXICO 122 LLC,10075,Enclosed,390,11,29,Pending Review
1000,"E. A. T. IS OWNED BY ELI ZABAR, INC.",10028,Small Unenclosed,127,6,12,Application Review Completed
1001,WHILE WE WERE YOUNG LLC,10014,Unenclosed,60,3,6,Pending Review
1002,345 COURT ST CORP,11231,Enclosed,420,10,30,Pending Review
1003,BARAWINE LLC,10027,Unenclosed,335,19,38,Pending Review
1004,"Blue Bottle Coffee, Inc.",10023,Unenclosed,151,6,12,Application Review Completed
1005,"FRENCH ROAST, INC.",10011,Unenclosed,157,8,16,Application Review Completed
1006,LAS MARGARITAS SUNSET INC,11103,Unenclosed,423,11,44,Application Review Completed
1007,BOWERY HOSPITALITY ASSOCIATES LLC,10002,Unenclosed,753,18,54,Application Review Completed
1008,SIXTH AVENUE RESTAURANT MANAGEMENT LLC,10001,Unenclosed,420,18,36,Application Review Completed
1009,JIN UPPER WEST SIDE CORP,10024,Unenclosed,150,8,18,Application Review Completed
1010,"DELILLO PASTRY SHOP, INC.",10458,Unenclosed,185,8,24,Application Review Completed
1011,"PLAZA PATISSERIE, INC.",11102,Unenclosed,476,14,37,Application Review Completed
1012,"HUSSIEN ENVIRONMENT, INC.",10025,Enclosed,228,9,16,Pending Review
1013,Elmer Kennedy LLC,10012,Unenclosed,118,6,12,Application Review Completed
1014,NOISETTE CAFE INC.,11103,Unenclosed,212,11,27,Pending Review
1015,EIGHTY THIRD AND FIRST LLC,10028,Unenclosed,632,22,44,Application Review Completed
1016,"PANEANTICO BAKERY CAFE, INC.",11209,Unenclosed,427,16,32,Application Review Completed
1017,"CILANTRO WEST, LLC",10024,Unenclosed,190,9,18,Application Review Completed
1018,62nd & 1st LLC,10065,Unenclosed,417,6,36,Application Review Completed
1019,JOE & THE JUICE NEW YORK LLC,10019,Small Unenclosed,283,4,11,Application Review Completed
1020,JOYFUL EATS TWO LLC,10013,Regular Unenclosed/Small Unenclosed,136,8,17,Application Review Completed
1021,JUICE GENERATION 13 INC,10003,Unenclosed,153,8,16,Application Review Completed
1022,OSTERIA CASANO LLC,10004,Unenclosed,320,16,31,Pending Review
1023,"PEDRO'S BAR & RESTAURANT, INC.",11201,Unenclosed,280,7,13,Pending Review
1024,1123 QUENTIN GRILL CORP,11229,Unenclosed,406,18,36,Application Review Completed
1025,SUD123 INCORPORATED,10012,Unenclosed,171,9,19,Pending Review
1026,KISMAT INDIAN RESTAURANT INC,10040,Unenclosed,432,28,56,Application Review Completed
1027,LENWICH 77TH LLC,10075,Enclosed,272,9,24,Pending Review
1028,SENGUPTA FOOD SERVICES LLC,10012,Small Unenclosed,255,7,14,Application Review Completed
1029,BERNIE'S POINT LLC,11222,Unenclosed,144,8,16,Application Review Completed
1030,"TRIPTI, INC.",10065,Enclosed,269,10,24,Pending Review
1031,"HURRICANE STRAUSS, INC.",10011,Unenclosed,92,6,12,Application Review Completed
1032,TSM RESTAURANT LLC,11231,Unenclosed,144,8,16,Application Review Completed
1033,TAP NYC LLC,10023,Unenclosed,106,6,12,Application Review Completed
1034,WOODFIRE COLLISION LLC,11211,Unenclosed,671,33,68,Application Review Completed
1035,24 5TH AVE LLC,10011,Unenclosed,226,10,20,Application Review Completed
1036,CMR REST CORP,10023,Unenclosed,200,8,19,Pending Review
1037,SWEETGREEN NEW YORK LLC,11201,Unenclosed,312,11,22,Application Review Completed
1038,"TESSA & LUCHO, INC.",11231,Unenclosed,197,6,12,Application Review Completed
1039,87 ATLANTIC PIZZA CORP.,11201,Unenclosed,124,6,12,Application Review Completed
1040,P12 NEW YORK LLC,10003,Unenclosed,120,6,12,Pending Review
1041,SAMPA RESTAURANT LLC,11211,Unenclosed,165,8,20,Application Review Completed
1042,DLK Restaurants LLC,10011,Unenclosed,275,10,30,Application Review Completed
1043,PIO PIO OCHO INC.,10036,Unenclosed,181,8,16,Pending Review
1044,UPRIGHT HOLDINGS 547 LLC,10014,Small Unenclosed,120,6,12,Application Review Completed
1045,CALOUNE CORP.,11101,Unenclosed,112,4,8,Pending Review
1046,LPB4 LLC,10012,Regular Unenclosed/Small Unenclosed,380,20,40,Pending Review
1047,DE ARMAS ENTERPRISES CORP.,10011,Small Unenclosed,132,2,8,Application Review Completed
1048,CLAUDISAL REST. CORP.,10012,Unenclosed,193,9,18,Application Review Completed
1049,1016 AMSTERDAM AVE LLC,10025,Regular Unenclosed/Small Unenclosed,226,11,22,Application Review Completed
1050,75TH & 3RD CORP.,10021,Enclosed,504,13,41,Pending Review
1051,26-05 HOSPITALITY LLC,11102,Unenclosed,506,22,38,Application Review Completed
1052,"CLGM, INC.",10075,Unenclosed,171,9,20,Application Review Completed
1053,Barrel 1005 Corp,10022,Unenclosed,289,16,32,Application Review Completed
1054,72ND & COLUMBUS RESTAURANT LLC,10023,Enclosed,416,16,34,Pending Review
1055,LUMA REST. INC.,10075,Unenclosed,167,9,20,Application Review Completed
1056,"BREAD & BUTTER DEVELOPMENT GROUP, LLC",11201,Unenclosed,295,8,24,Application Review Completed
1057,1475 SECOND AVENUE BAGEL LLC,10075,Unenclosed,164,10,20,Application Review Completed
1058,EPHESUS CORP,10023,Unenclosed,90,4,8,Application Review Completed
1059,PRINKIPAS LLC,10014,Unenclosed,335,16,32,Application Review Completed
1060,64 GREENWICH RESTAURANT LLC,10011,Unenclosed,75,4,9,Application Review Completed
1061,161 MULBERRY RESTAURANT LLC,10013,Unenclosed,512,20,42,Application Review Completed
1062,MANGOLICIOUS QUEENS BLVD LTD,11375,Unenclosed,217,6,12,Application Review Completed
1063,"LATOUR FL RESTAURANT ASSOCIATES, LLC",10028,Small Unenclosed,94,2,12,Application Review Completed
1064,"CHOW DOWN, INC.",10019,Unenclosed,275,11,22,Pending Review
1065,609 EDIBLES INC.,10458,Unenclosed,123,2,8,Application Review Completed
1066,"FRANCIS LOUIS, LLC",10014,Unenclosed,324,11,32,Application Review Completed
1067,BETTOLA NYC CORP.,10024,Unenclosed,156,13,26,Application Review Completed
1068,E2 185 BLEECKER LLC,10012,Unenclosed,54,4,8,Application Review Completed
1069,The Buren LLC,11221,Unenclosed,269,4,16,Application Review Completed
1070,GYRO KING FOODS CORP.,10468,Unenclosed,127,8,24,Application Review Completed
1071,OMONIA CAFE INC.,11106,Enclosed,497,21,48,Application Review Completed
1072,CASA AZUL. INC,11215,Unenclosed,296,9,18,Application Review Completed
1073,TOR RESTAURANT LLC,10036,Unenclosed,190,8,16,Application Review Completed
1074,SHAKE SHACK NEW YORK LLC,10014,Unenclosed,527,8,26,Application Review Completed
1075,"TOTORE PIZZERIA & RESTAURANT, INC.",11105,Enclosed,395,8,32,Pending Review
1076,DESMO 916 CORP.,10009,Unenclosed,162,6,20,Pending Review
1077,UNION SQ 4TH F & B MANAGEMENT LLC,10003,Unenclosed,163,6,12,Application Review Completed
1078,O'FLYNN ENTERPRISES LLC,10011,Unenclosed,122,3,12,Application Review Completed
1079,170 BEDFORD RESTAURANT LLC,11211,Unenclosed,52,3,6,Pending Review
1080,Barn Joo Union Square Inc,10003,Small Unenclosed,139,5,10,Pending Review
1081,4946 BROADWAY RESTAURANT LLC,10034,Unenclosed,236,15,34,Pending Review
1082,"MUSSELS & MORE, LTD.",11209,Unenclosed,432,17,34,Application Review Completed
1083,AMITY HALL UPTOWN INC.,10025,Unenclosed,265,12,24,Application Review Completed
1084,HARU AMSTERDAM AVENUE CORP.,10024,Unenclosed,291,7,22,Pending Review
1085,MEXICAN FESTIVAL NYC LLC,10025,Enclosed,600,19,56,Application Review Completed
1086,DIG INN 2884 BROADWAY LLC,10025,Unenclosed,159,7,14,Application Review Completed
1087,"ELI-LILLA, INC.",10013,Unenclosed,175,9,22,Application Review Completed
1088,3321 ASTORIA INC.,11106,Unenclosed,363,17,34,Application Review Completed
1089,AELE LLC,11249,Unenclosed,508,12,36,Application Review Completed
1090,289 BLEECKER RESTAURANT LLC,10014,Unenclosed,115,3,6,Application Review Completed
1091,14 SPRING STREET CAFE LLC,10012,Unenclosed,75,2,8,Application Review Completed
1092,CABRERA ARGUDO CORP,10025,Unenclosed,402,24,48,Application Review Completed
1093,TGD GROUP INC.,10021,Unenclosed,456,27,58,Application Review Completed
1094,PIATTO LLC,11101,Unenclosed,336,9,18,Application Review Completed
1095,SUPERPIZZA01 CORP,11217,Unenclosed,49,4,8,Pending Review
1096,"ROMI BAKERY, INC.",11103,Unenclosed,168,8,14,Application Review Completed
1097,WATAWA INC.,11105,Unenclosed,252,10,26,Application Review Completed
1098,SEINFELD SQUARED LLC,10025,Unenclosed,176,9,19,Application Review Completed
1099,ITALIENNE LLC,10010,Unenclosed,241,7,14,Application Review Completed
1100,IL RIFUGIO INC.,10024,Unenclosed,195,8,16,Pending Review
1101,3660 BROADWAY RESTAURANT LLC,10031,Unenclosed,329,16,36,Application Review Completed
1102,FRIEND OF A FARMER CORP.,10003,Unenclosed,252,8,14,Pending Review
1103,71 WINE BAR CAFE OPERATING CORP.,10023,Unenclosed,130,6,12,Application Review Completed
1104,76 HENRY ST INC,11201,Unenclosed,166,7,16,Pending Review
1105,SIRICHAI INC,10028,Unenclosed,211,5,16,Application Review Completed
1106,DCB DELANCEY CORPORATION,10002,Regular Unenclosed/Small Unenclosed,560,15,51,Pending Review
1107,10 DOWNING RESTAURANT LLC,10014,Unenclosed,410,28,59,Pending Review
1108,D&S DINING GROUP LLC,10023,Unenclosed,188,15,30,Application Review Completed
1109,FRIJOLITO'S RESTAURANT CORP,10031,Unenclosed,135,7,14,Application Review Completed
1110,PCPG LLC,11106,Unenclosed,209,10,24,Application Review Completed
1111,SUPER NORIEGA LLC,10014,Enclosed,272,11,22,Application Review Completed
1112,I MALATESTA TRATTORIA INC.,10014,Unenclosed,333,18,35,Pending Review
1113,2122 BEEKMAN BAR LLC,11225,Unenclosed,228,20,40,Application Review Completed
1114,MARLINSPIKE HALL LLC,10012,Unenclosed,109,3,6,Application Review Completed
1115,AIN JUPITER LLC,10024,Unenclosed,98,5,10,Pending Review
